/*
 Navicat Premium Data Transfer

 Source Server         : LOCAL
 Source Server Type    : MySQL
 Source Server Version : 50542
 Source Host           : 127.0.0.1
 Source Database       : danis_db

 Target Server Type    : MySQL
 Target Server Version : 50542
 File Encoding         : utf-8

 Date: 03/16/2017 01:10:59 AM
*/

SET NAMES utf8mb4;
SET FOREIGN_KEY_CHECKS = 0;

-- ----------------------------
--  Table structure for `actions`
-- ----------------------------
DROP TABLE IF EXISTS `actions`;
CREATE TABLE `actions` (
  `id` int(10) unsigned NOT NULL AUTO_INCREMENT,
  `desc` varchar(255) COLLATE utf8_unicode_ci NOT NULL,
  `user_id` int(10) unsigned DEFAULT NULL,
  `created_at` timestamp NULL DEFAULT NULL,
  `updated_at` timestamp NULL DEFAULT NULL,
  `icon` varchar(255) COLLATE utf8_unicode_ci NOT NULL DEFAULT 'icon-checkmark4',
  PRIMARY KEY (`id`),
  KEY `actions_icon_index` (`icon`)
) ENGINE=InnoDB AUTO_INCREMENT=123 DEFAULT CHARSET=utf8 COLLATE=utf8_unicode_ci;

-- ----------------------------
--  Records of `actions`
-- ----------------------------
BEGIN;
INSERT INTO `actions` VALUES ('1', '(Hizmet) başlıklı yazı güncellendi', '1', '2017-02-25 22:16:02', '2017-02-25 22:16:02', 'icon-file-openoffice'), ('2', '(İhracat) başlıklı yazı güncellendi', '1', '2017-02-25 22:16:26', '2017-02-25 22:16:26', 'icon-file-openoffice'), ('3', '(Kargo) başlıklı yazı güncellendi', '1', '2017-02-25 22:17:36', '2017-02-25 22:17:36', 'icon-file-openoffice'), ('4', '(Kargo) başlıklı yazı güncellendi', '1', '2017-02-25 22:22:29', '2017-02-25 22:22:29', 'icon-file-openoffice'), ('5', '(İhracat) başlıklı yazı güncellendi', '1', '2017-02-25 22:22:42', '2017-02-25 22:22:42', 'icon-file-openoffice'), ('6', '(Hizmet) başlıklı yazı güncellendi', '1', '2017-02-25 22:22:49', '2017-02-25 22:22:49', 'icon-file-openoffice'), ('7', '(Anasayfa) kategorisi güncellendi', '1', '2017-02-25 22:36:46', '2017-02-25 22:36:46', 'icon-menu'), ('8', '(HAKKIMIZDA) kategorisi güncellendi', '1', '2017-02-25 22:56:20', '2017-02-25 22:56:20', 'icon-menu'), ('9', '(VİZYON MİSYON) kategorisi güncellendi', '1', '2017-02-25 22:56:46', '2017-02-25 22:56:46', 'icon-menu'), ('10', '(VİZYON & MİSYON) kategorisi güncellendi', '1', '2017-02-25 22:56:54', '2017-02-25 22:56:54', 'icon-menu'), ('11', '(Anasayfa) kategorisi silindi', '1', '2017-02-25 23:01:38', '2017-02-25 23:01:38', 'icon-folder-remove'), ('12', '(Basında Biz) kategorisi silindi', '1', '2017-02-25 23:40:59', '2017-02-25 23:40:59', 'icon-folder-remove'), ('13', '(Anasayfa İçerikler) kategorisi silindi', '1', '2017-02-25 23:43:56', '2017-02-25 23:43:56', 'icon-folder-remove'), ('14', '(haber 1) başlıklı yazı güncellendi', '1', '2017-02-25 23:48:45', '2017-02-25 23:48:45', 'icon-file-openoffice'), ('15', '(haber 2) başlıklı yazı güncellendi', '1', '2017-02-25 23:51:40', '2017-02-25 23:51:40', 'icon-file-openoffice'), ('16', '(haber 3) başlıklı yazı güncellendi', '1', '2017-02-25 23:51:51', '2017-02-25 23:51:51', 'icon-file-openoffice'), ('17', '(Haber başlığı buraya!) başlıklı yazı güncellendi', '1', '2017-02-25 23:57:44', '2017-02-25 23:57:44', 'icon-file-openoffice'), ('18', '(haber başlığı buraya) başlıklı yazı güncellendi', '1', '2017-02-25 23:58:00', '2017-02-25 23:58:00', 'icon-file-openoffice'), ('19', '(haber başlığı buraya) başlıklı yazı güncellendi', '1', '2017-02-25 23:58:09', '2017-02-25 23:58:09', 'icon-file-openoffice'), ('20', '(ref2) başlıklı yazı güncellendi', '1', '2017-02-26 00:11:21', '2017-02-26 00:11:21', 'icon-file-openoffice'), ('21', '(KARGO) kategorisi güncellendi', '1', '2017-03-07 18:49:39', '2017-03-07 18:49:39', 'icon-menu'), ('22', '(Kargo) başlıklı yazı güncellendi', '1', '2017-03-07 19:18:25', '2017-03-07 19:18:25', 'icon-file-openoffice'), ('23', '(Hizmet) başlıklı yazı güncellendi', '1', '2017-03-07 19:26:04', '2017-03-07 19:26:04', 'icon-file-openoffice'), ('24', '(İhracat) başlıklı yazı güncellendi', '1', '2017-03-07 19:26:15', '2017-03-07 19:26:15', 'icon-file-openoffice'), ('25', '(Lojistik) başlıklı yazı güncellendi', '1', '2017-03-07 19:29:55', '2017-03-07 19:29:55', 'icon-file-openoffice'), ('26', '(Turizm) başlıklı yazı güncellendi', '1', '2017-03-07 19:30:27', '2017-03-07 19:30:27', 'icon-file-openoffice'), ('27', '(Turizm) başlıklı yazı güncellendi', '1', '2017-03-07 19:30:38', '2017-03-07 19:30:38', 'icon-file-openoffice'), ('28', '(Turizm) başlıklı yazı güncellendi', '1', '2017-03-07 19:41:42', '2017-03-07 19:41:42', 'icon-file-openoffice'), ('29', '(Lojistik) başlıklı yazı güncellendi', '1', '2017-03-07 19:41:54', '2017-03-07 19:41:54', 'icon-file-openoffice'), ('30', '(Lojistik) başlıklı yazı güncellendi', '1', '2017-03-07 20:31:40', '2017-03-07 20:31:40', 'icon-file-openoffice'), ('31', '(İhracat) başlıklı yazı güncellendi', '1', '2017-03-07 20:32:00', '2017-03-07 20:32:00', 'icon-file-openoffice'), ('32', '(İhracat) başlıklı yazı güncellendi', '1', '2017-03-07 20:32:33', '2017-03-07 20:32:33', 'icon-file-openoffice'), ('33', '(Turizm) başlıklı yazı güncellendi', '1', '2017-03-07 20:32:50', '2017-03-07 20:32:50', 'icon-file-openoffice'), ('34', '(Lojistik) başlıklı yazı güncellendi', '1', '2017-03-07 20:32:54', '2017-03-07 20:32:54', 'icon-file-openoffice'), ('35', '(Hizmet) başlıklı yazı güncellendi', '1', '2017-03-07 20:32:58', '2017-03-07 20:32:58', 'icon-file-openoffice'), ('36', '(Kargo) başlıklı yazı güncellendi', '1', '2017-03-07 20:33:04', '2017-03-07 20:33:04', 'icon-file-openoffice'), ('37', '(KURUMSAL) kategorisi güncellendi', '1', '2017-03-07 20:33:18', '2017-03-07 20:33:18', 'icon-menu'), ('38', '(ÜRÜNLER) kategorisi güncellendi', '1', '2017-03-07 20:33:18', '2017-03-07 20:33:18', 'icon-menu'), ('39', '(SERVİSLER) kategorisi güncellendi', '1', '2017-03-07 20:33:18', '2017-03-07 20:33:18', 'icon-menu'), ('40', '(İLETİŞİM) kategorisi güncellendi', '1', '2017-03-07 20:33:18', '2017-03-07 20:33:18', 'icon-menu'), ('41', '(KARGO SORGULAMA) kategorisi güncellendi', '1', '2017-03-07 20:33:18', '2017-03-07 20:33:18', 'icon-menu'), ('42', '(LOJİSTİK) kategorisi güncellendi', '1', '2017-03-07 20:34:22', '2017-03-07 20:34:22', 'icon-menu'), ('43', '(İHRACAT) kategorisi güncellendi', '1', '2017-03-07 20:34:22', '2017-03-07 20:34:22', 'icon-menu'), ('44', '(TURIZM) kategorisi güncellendi', '1', '2017-03-07 20:34:22', '2017-03-07 20:34:22', 'icon-menu'), ('45', '(TURIZM) kategorisi güncellendi', '1', '2017-03-07 20:34:43', '2017-03-07 20:34:43', 'icon-menu'), ('46', '(İHRACAT) kategorisi güncellendi', '1', '2017-03-07 20:34:48', '2017-03-07 20:34:48', 'icon-menu'), ('47', '(LOJİSTİK) kategorisi güncellendi', '1', '2017-03-07 20:34:56', '2017-03-07 20:34:56', 'icon-menu'), ('48', '(ÜRÜNLER) kategorisi güncellendi', '1', '2017-03-07 20:37:58', '2017-03-07 20:37:58', 'icon-menu'), ('49', '(İnsan Kaynakları) başlıklı yazı güncellendi', '1', '2017-03-07 20:40:13', '2017-03-07 20:40:13', 'icon-file-openoffice'), ('50', '(HAKKIMIZDA) kategorisi güncellendi', '1', '2017-03-07 20:41:57', '2017-03-07 20:41:57', 'icon-menu'), ('51', '(İNSAN KAYNAKLARI) kategorisi güncellendi', '1', '2017-03-07 20:41:57', '2017-03-07 20:41:57', 'icon-menu'), ('52', '(VİZYON & MİSYON) kategorisi güncellendi', '1', '2017-03-07 20:41:57', '2017-03-07 20:41:57', 'icon-menu'), ('53', '(HAKKIMIZDA) kategorisi güncellendi', '1', '2017-03-07 20:42:11', '2017-03-07 20:42:11', 'icon-menu'), ('54', '(VİZYON & MİSYON) kategorisi güncellendi', '1', '2017-03-07 20:42:28', '2017-03-07 20:42:28', 'icon-menu'), ('55', '(İNSAN KAYNAKLARI) kategorisi güncellendi', '1', '2017-03-07 20:43:34', '2017-03-07 20:43:34', 'icon-menu'), ('56', '(Blog) kategorisi güncellendi', '1', '2017-03-07 20:56:36', '2017-03-07 20:56:36', 'icon-menu'), ('57', '(Sayfalar) kategorisi güncellendi', '1', '2017-03-07 20:56:36', '2017-03-07 20:56:36', 'icon-menu'), ('58', '(Referanslarımız) kategorisi güncellendi', '1', '2017-03-07 20:56:36', '2017-03-07 20:56:36', 'icon-menu'), ('59', '(Kurumsal) kategorisi güncellendi', '1', '2017-03-07 20:56:36', '2017-03-07 20:56:36', 'icon-menu'), ('60', '(Hakkımızda) başlıklı yazı güncellendi', '1', '2017-03-07 20:56:51', '2017-03-07 20:56:51', 'icon-file-openoffice'), ('61', '(İnsan Kaynakları) başlıklı yazı güncellendi', '1', '2017-03-07 20:56:59', '2017-03-07 20:56:59', 'icon-file-openoffice'), ('62', '(Vizyon & Misyon) başlıklı yazı güncellendi', '1', '2017-03-07 20:57:06', '2017-03-07 20:57:06', 'icon-file-openoffice'), ('63', '(Değişkenler) kategorisi güncellendi', '1', '2017-03-07 21:37:47', '2017-03-07 21:37:47', 'icon-menu'), ('64', '(Menü Kategorileri) kategorisi güncellendi', '1', '2017-03-07 21:37:47', '2017-03-07 21:37:47', 'icon-menu'), ('65', '(Yazı Kategorileri) kategorisi güncellendi', '1', '2017-03-07 21:37:47', '2017-03-07 21:37:47', 'icon-menu'), ('66', '(Markalar) kategorisi güncellendi', '1', '2017-03-07 21:37:47', '2017-03-07 21:37:47', 'icon-menu'), ('67', '(Ürün Kategorileri) kategorisi güncellendi', '1', '2017-03-07 21:37:47', '2017-03-07 21:37:47', 'icon-menu'), ('68', '(Örnek Kategori) kategorisi güncellendi', '1', '2017-03-07 21:38:04', '2017-03-07 21:38:04', 'icon-menu'), ('69', '(HİZMETLER) kategorisi güncellendi', '1', '2017-03-07 22:38:37', '2017-03-07 22:38:37', 'icon-menu'), ('70', '(Hizmetlerimiz) kategorisi güncellendi', '1', '2017-03-08 20:31:08', '2017-03-08 20:31:08', 'icon-menu'), ('71', '(haber başlığı buraya) başlıklı yazı güncellendi', '1', '2017-03-08 20:32:16', '2017-03-08 20:32:16', 'icon-file-openoffice'), ('72', '(haber başlığı buraya) başlıklı yazı güncellendi', '1', '2017-03-08 20:32:26', '2017-03-08 20:32:26', 'icon-file-openoffice'), ('73', '(Haber başlığı buraya!) başlıklı yazı güncellendi', '1', '2017-03-08 20:32:33', '2017-03-08 20:32:33', 'icon-file-openoffice'), ('74', '(Bizden Haberler) kategorisi güncellendi', '1', '2017-03-08 20:56:26', '2017-03-08 20:56:26', 'icon-menu'), ('75', '(Basında Biz) kategorisi güncellendi', '1', '2017-03-08 20:56:26', '2017-03-08 20:56:26', 'icon-menu'), ('76', '(Haber başlığı buraya!) başlıklı yazı güncellendi', '1', '2017-03-08 21:24:05', '2017-03-08 21:24:05', 'icon-file-openoffice'), ('77', '(haber başlığı buraya) başlıklı yazı güncellendi', '1', '2017-03-08 21:24:09', '2017-03-08 21:24:09', 'icon-file-openoffice'), ('78', '(haber başlığı buraya) başlıklı yazı güncellendi', '1', '2017-03-08 21:24:58', '2017-03-08 21:24:58', 'icon-file-openoffice'), ('79', '(test) başlıklı yazı güncellendi', '1', '2017-03-08 21:35:52', '2017-03-08 21:35:52', 'icon-file-openoffice'), ('80', '(Haber başlığı buraya!) başlıklı yazı silindi', '1', '2017-03-08 22:20:47', '2017-03-08 22:20:47', 'icon-eraser'), ('81', '(test) başlıklı yazı silindi', '1', '2017-03-08 22:20:47', '2017-03-08 22:20:47', 'icon-eraser'), ('82', '(Diğer haber başlığı da buraya!) başlıklı yazı güncellendi', '1', '2017-03-08 22:21:56', '2017-03-08 22:21:56', 'icon-file-openoffice'), ('83', '(THY) kategorisi güncellendi', '1', '2017-03-08 22:30:04', '2017-03-08 22:30:04', 'icon-menu'), ('84', '(MNG) kategorisi güncellendi', '1', '2017-03-08 22:30:04', '2017-03-08 22:30:04', 'icon-menu'), ('85', '(BRITISH CARGO) kategorisi güncellendi', '1', '2017-03-08 22:30:04', '2017-03-08 22:30:04', 'icon-menu'), ('86', '(EMIRATES) kategorisi güncellendi', '1', '2017-03-08 22:30:04', '2017-03-08 22:30:04', 'icon-menu'), ('87', '(LUFHTANSA) kategorisi güncellendi', '1', '2017-03-08 22:30:05', '2017-03-08 22:30:05', 'icon-menu'), ('88', '(ETHIOPIA AIRLINES) kategorisi güncellendi', '1', '2017-03-08 22:30:05', '2017-03-08 22:30:05', 'icon-menu'), ('89', '(THY) kategorisi güncellendi', '1', '2017-03-08 22:30:13', '2017-03-08 22:30:13', 'icon-menu'), ('90', '(MNG) kategorisi güncellendi', '1', '2017-03-08 22:30:57', '2017-03-08 22:30:57', 'icon-menu'), ('91', '(Haber başlığı buraya) başlıklı yazı güncellendi', '1', '2017-03-08 22:32:10', '2017-03-08 22:32:10', 'icon-file-openoffice'), ('92', '(İLETİŞİM) kategorisi güncellendi', '1', '2017-03-08 22:52:06', '2017-03-08 22:52:06', 'icon-menu'), ('93', '(Lokasyonlarımız) kategorisi güncellendi', '1', '2017-03-09 23:09:23', '2017-03-09 23:09:23', 'icon-menu'), ('94', '(Lokasyonlarımız) başlıklı yazı güncellendi', '1', '2017-03-09 23:12:58', '2017-03-09 23:12:58', 'icon-file-openoffice'), ('95', '(Lokasyonlarımız) başlıklı yazı güncellendi', '1', '2017-03-09 23:13:31', '2017-03-09 23:13:31', 'icon-file-openoffice'), ('96', '(Lokasyonlarımız) başlıklı yazı güncellendi', '1', '2017-03-09 23:23:06', '2017-03-09 23:23:06', 'icon-file-openoffice'), ('97', '(ref7) başlıklı yazı güncellendi', '1', '2017-03-14 18:56:02', '2017-03-14 18:56:02', 'icon-file-openoffice'), ('98', '(ref1) başlıklı yazı güncellendi', '1', '2017-03-14 18:56:11', '2017-03-14 18:56:11', 'icon-file-openoffice'), ('99', '(ref2) başlıklı yazı güncellendi', '1', '2017-03-14 18:56:11', '2017-03-14 18:56:11', 'icon-file-openoffice'), ('100', '(ref3) başlıklı yazı güncellendi', '1', '2017-03-14 18:56:11', '2017-03-14 18:56:11', 'icon-file-openoffice'), ('101', '(ref4) başlıklı yazı güncellendi', '1', '2017-03-14 18:56:11', '2017-03-14 18:56:11', 'icon-file-openoffice'), ('102', '(ref5) başlıklı yazı güncellendi', '1', '2017-03-14 18:56:11', '2017-03-14 18:56:11', 'icon-file-openoffice'), ('103', '(ref6) başlıklı yazı güncellendi', '1', '2017-03-14 18:56:11', '2017-03-14 18:56:11', 'icon-file-openoffice'), ('104', '(Logistics) başlıklı yazı güncellendi', '1', '2017-03-14 23:07:42', '2017-03-14 23:07:42', 'icon-file-openoffice'), ('105', '(Tourism) başlıklı yazı güncellendi', '1', '2017-03-14 23:16:23', '2017-03-14 23:16:23', 'icon-file-openoffice'), ('106', '(Kargo) başlıklı yazı güncellendi', '1', '2017-03-14 23:16:28', '2017-03-14 23:16:28', 'icon-file-openoffice'), ('107', '(Export) başlıklı yazı güncellendi', '1', '2017-03-14 23:16:33', '2017-03-14 23:16:33', 'icon-file-openoffice'), ('108', '(Services) başlıklı yazı güncellendi', '1', '2017-03-14 23:17:01', '2017-03-14 23:17:01', 'icon-file-openoffice'), ('109', '(Cargo) başlıklı yazı güncellendi', '1', '2017-03-14 23:17:17', '2017-03-14 23:17:17', 'icon-file-openoffice'), ('110', '(Örnek Kategori) kategorisi silindi', '1', '2017-03-15 19:58:31', '2017-03-15 19:58:31', 'icon-folder-remove'), ('111', '(تصدير) başlıklı yazı güncellendi', '1', '2017-03-15 20:01:24', '2017-03-15 20:01:24', 'icon-file-openoffice'), ('112', '(سياحة) başlıklı yazı güncellendi', '1', '2017-03-15 20:28:24', '2017-03-15 20:28:24', 'icon-file-openoffice'), ('113', '(حمولة) başlıklı yazı güncellendi', '1', '2017-03-15 20:29:08', '2017-03-15 20:29:08', 'icon-file-openoffice'), ('114', '(الخدمات اللوجستية) başlıklı yazı güncellendi', '1', '2017-03-15 20:29:31', '2017-03-15 20:29:31', 'icon-file-openoffice'), ('115', '(Hizmetler) kategorisi güncellendi', '1', '2017-03-15 20:44:24', '2017-03-15 20:44:24', 'icon-menu'), ('116', '(Lokasyonlarımız) kategorisi silindi', '1', '2017-03-15 21:45:39', '2017-03-15 21:45:39', 'icon-folder-remove'), ('117', '(Lokasyonlarımız) başlıklı yazı silindi', '1', '2017-03-15 21:45:50', '2017-03-15 21:45:50', 'icon-eraser'), ('118', '(Bizden Haberler) kategorisi güncellendi', '1', '2017-03-15 21:56:17', '2017-03-15 21:56:17', 'icon-menu'), ('119', '(Basında Biz) kategorisi güncellendi', '1', '2017-03-15 21:56:31', '2017-03-15 21:56:31', 'icon-menu'), ('120', '(خدمة) başlıklı yazı güncellendi', '1', '2017-03-15 22:00:16', '2017-03-15 22:00:16', 'icon-file-openoffice'), ('121', '(سياحة) başlıklı yazı güncellendi', '1', '2017-03-15 22:00:52', '2017-03-15 22:00:52', 'icon-file-openoffice'), ('122', '(HİZMETLER) kategorisi güncellendi', '1', '2017-03-15 22:05:13', '2017-03-15 22:05:13', 'icon-menu');
COMMIT;

-- ----------------------------
--  Table structure for `activations`
-- ----------------------------
DROP TABLE IF EXISTS `activations`;
CREATE TABLE `activations` (
  `id` int(10) unsigned NOT NULL AUTO_INCREMENT,
  `user_id` int(10) unsigned NOT NULL,
  `code` varchar(255) COLLATE utf8_unicode_ci NOT NULL,
  `completed` tinyint(1) NOT NULL DEFAULT '0',
  `completed_at` timestamp NULL DEFAULT NULL,
  `created_at` timestamp NULL DEFAULT NULL,
  `updated_at` timestamp NULL DEFAULT NULL,
  PRIMARY KEY (`id`),
  KEY `activations_user_id_index` (`user_id`)
) ENGINE=InnoDB DEFAULT CHARSET=utf8 COLLATE=utf8_unicode_ci;

-- ----------------------------
--  Table structure for `articles`
-- ----------------------------
DROP TABLE IF EXISTS `articles`;
CREATE TABLE `articles` (
  `id` int(10) unsigned NOT NULL AUTO_INCREMENT,
  `category` int(11) DEFAULT NULL,
  `title` varchar(200) COLLATE utf8_unicode_ci DEFAULT NULL,
  `desc` text COLLATE utf8_unicode_ci,
  `keywords` varchar(255) COLLATE utf8_unicode_ci DEFAULT NULL,
  `content` longtext COLLATE utf8_unicode_ci,
  `list_id` int(10) unsigned NOT NULL DEFAULT '0',
  `active` int(10) unsigned NOT NULL DEFAULT '1',
  `locale` varchar(255) COLLATE utf8_unicode_ci NOT NULL DEFAULT 'tr',
  `created_at` timestamp NULL DEFAULT NULL,
  `updated_at` timestamp NULL DEFAULT NULL,
  `date` varchar(255) COLLATE utf8_unicode_ci DEFAULT '25/02/2017',
  `url` text COLLATE utf8_unicode_ci,
  `slug` varchar(255) COLLATE utf8_unicode_ci DEFAULT NULL,
  `slug_update` int(10) unsigned NOT NULL DEFAULT '0',
  `article_url` varchar(255) COLLATE utf8_unicode_ci DEFAULT NULL,
  `link_type` int(11) DEFAULT '1',
  PRIMARY KEY (`id`),
  KEY `articles_category_index` (`category`),
  KEY `articles_locale_index` (`locale`),
  KEY `articles_slug_index` (`slug`),
  KEY `articles_slug_update_index` (`slug_update`),
  KEY `articles_link_type_index` (`link_type`)
) ENGINE=InnoDB AUTO_INCREMENT=40 DEFAULT CHARSET=utf8 COLLATE=utf8_unicode_ci;

-- ----------------------------
--  Records of `articles`
-- ----------------------------
BEGIN;
INSERT INTO `articles` VALUES ('1', '27', 'Kargo', 'Lorem Ipsum is simply dummy text of the printing and typesetting ', '', '<p><strong>Lorem Ipsum</strong>&nbsp;is simply dummy text of the printing and typesetting industry. Lorem Ipsum has been the industry&#39;s standard dummy text ever since the 1500s, when an unknown printer took a galley of type and scrambled it to make a type specimen book. It has survived not only five centuries, but also the leap into electronic typesetting, remaining essentially unchanged. It was popularised in the 1960s with the release of Letraset sheets containing Lorem Ipsum passages, and more recently with desktop publishing software like Aldus PageMaker including versions of Lorem Ipsum.</p>\r\n\r\n<p>Contrary to popular belief, Lorem Ipsum is not simply random text. It has roots in a piece of classical Latin literature from 45 BC, making it over 2000 years old. Richard McClintock, a Latin professor at Hampden-Sydney College in Virginia, looked up one of the more obscure Latin words, consectetur, from a Lorem Ipsum passage, and going through the cites of the word in classical literature, discovered the undoubtable source. Lorem Ipsum comes from sections 1.10.32 and 1.10.33 of &quot;de Finibus Bonorum et Malorum&quot; (The Extremes of Good and Evil) by Cicero, written in 45 BC. This book is a treatise on the theory of ethics, very popular during the Renaissance. The first line of Lorem Ipsum, &quot;Lorem ipsum dolor sit amet..&quot;, comes from a line in section 1.10.32.</p>\r\n\r\n<p>The standard chunk of Lorem Ipsum used since the 1500s is reproduced below for those interested. Sections 1.10.32 and 1.10.33 from &quot;de Finibus Bonorum et Malorum&quot; by Cicero are also reproduced in their exact original form, accompanied by English versions from the 1914 translation by H. Rackham.</p>\r\n', '0', '1', 'tr', '2017-02-25 22:09:13', '2017-03-07 20:33:04', '', '', 'kargo', '0', '', '1'), ('2', '27', 'İhracat', 'Lorem Ipsum is simply dummy text of the printing and typesetting ', '', '<p>Contrary to popular belief, Lorem Ipsum is not simply random text. It has roots in a piece of classical Latin literature from 45 BC, making it over 2000 years old. Richard McClintock, a Latin professor at Hampden-Sydney College in Virginia, looked up one of the more obscure Latin words, consectetur, from a Lorem Ipsum passage, and going through the cites of the word in classical literature, discovered the undoubtable source. Lorem Ipsum comes from sections 1.10.32 and 1.10.33 of &quot;de Finibus Bonorum et Malorum&quot; (The Extremes of Good and Evil) by Cicero, written in 45 BC. This book is a treatise on the theory of ethics, very popular during the Renaissance. The first line of Lorem Ipsum, &quot;Lorem ipsum dolor sit amet..&quot;, comes from a line in section 1.10.32.</p>\r\n\r\n<p>The standard chunk of Lorem Ipsum used since the 1500s is reproduced below for those interested. Sections 1.10.32 and 1.10.33 from &quot;de Finibus Bonorum et Malorum&quot; by Cicero are also reproduced in their exact original form, accompanied by English versions from the 1914 translation by H. Rackham.</p>\r\n', '0', '1', 'tr', '2017-02-25 22:09:31', '2017-03-07 20:32:33', '', '', 'ihracat', '0', '', '1'), ('3', '27', 'Hizmet', 'Lorem Ipsum is simply dummy text of the printing and typesetting ', '', '<p>Contrary to popular belief, Lorem Ipsum is not simply random text. It has roots in a piece of classical Latin literature from 45 BC, making it over 2000 years old. Richard McClintock, a Latin professor at Hampden-Sydney College in Virginia, looked up one of the more obscure Latin words, consectetur, from a Lorem Ipsum passage, and going through the cites of the word in classical literature, discovered the undoubtable source. Lorem Ipsum comes from sections 1.10.32 and 1.10.33 of &quot;de Finibus Bonorum et Malorum&quot; (The Extremes of Good and Evil) by Cicero, written in 45 BC. This book is a treatise on the theory of ethics, very popular during the Renaissance. The first line of Lorem Ipsum, &quot;Lorem ipsum dolor sit amet..&quot;, comes from a line in section 1.10.32.</p>\r\n\r\n<p>The standard chunk of Lorem Ipsum used since the 1500s is reproduced below for those interested. Sections 1.10.32 and 1.10.33 from &quot;de Finibus Bonorum et Malorum&quot; by Cicero are also reproduced in their exact original form, accompanied by English versions from the 1914 translation by H. Rackham.</p>\r\n', '0', '1', 'tr', '2017-02-25 22:13:12', '2017-03-07 20:32:58', '', '', 'hizmet', '0', '', '1'), ('5', '57', 'haber başlığı buraya', 'Contrary to popular belief, Lorem Ipsum is not simply random text. It has roots in a piece of classical Latin literature from 45 BC, making it over 2000 years old. Richard McClintock, a Latin professor at Hampden-Sydney College in Virginia, looked up one of the more obscure Latin words, consectetur, from a Lorem Ipsum passage, and going through the cites of the word in classical literature, discovered the undoubtable source. Lorem Ipsum comes from sections 1.10.32 and 1.10.33 of \"de Finibus Bonorum et Malorum\" (The Extremes of Good and Evil) by Cicero, written in 45 BC. This book is a treatise on the theory of ethics, very popular during the Renaissance. The first line of Lorem Ipsum, \"Lorem ipsum dolor sit amet..\", comes from a line in section 1.10.32.', '', '<p>Contrary to popular belief, Lorem Ipsum is not simply random text. It has roots in a piece of classical Latin literature from 45 BC, making it over 2000 years old. Richard McClintock, a Latin professor at Hampden-Sydney College in Virginia, looked up one of the more obscure Latin words, consectetur, from a Lorem Ipsum passage, and going through the cites of the word in classical literature, discovered the undoubtable source. Lorem Ipsum comes from sections 1.10.32 and 1.10.33 of &quot;de Finibus Bonorum et Malorum&quot; (The Extremes of Good and Evil) by Cicero, written in 45 BC. This book is a treatise on the theory of ethics, very popular during the Renaissance. The first line of Lorem Ipsum, &quot;Lorem ipsum dolor sit amet..&quot;, comes from a line in section 1.10.32.</p>\r\n', '0', '1', 'tr', '2017-02-25 23:44:22', '2017-03-08 21:24:09', '', '', 'haber-basligi-buraya-1', '0', '', null), ('6', '57', 'haber başlığı buraya', 'Contrary to popular belief, Lorem Ipsum is not simply random text. It has roots in a piece of classical Latin literature from 45 BC, making it over 2000 years old. Richard McClintock, a Latin professor at Hampden-Sydney College in Virginia, looked up one of the more obscure Latin words, consectetur, from a Lorem Ipsum passage, and going through the cites of the word in classical literature, discovered the undoubtable source. Lorem Ipsum comes from sections 1.10.32 and 1.10.33 of \"de Finibus Bonorum et Malorum\" (The Extremes of Good and Evil) by Cicero, written in 45 BC. This book is a treatise on the theory of ethics, very popular during the Renaissance. The first line of Lorem Ipsum, \"Lorem ipsum dolor sit amet..\", comes from a line in section 1.10.32.', '', '<p>Contrary to popular belief, Lorem Ipsum is not simply random text. It has roots in a piece of classical Latin literature from 45 BC, making it over 2000 years old. Richard McClintock, a Latin professor at Hampden-Sydney College in Virginia, looked up one of the more obscure Latin words, consectetur, from a Lorem Ipsum passage, and going through the cites of the word in classical literature, discovered the undoubtable source. Lorem Ipsum comes from sections 1.10.32 and 1.10.33 of &quot;de Finibus Bonorum et Malorum&quot; (The Extremes of Good and Evil) by Cicero, written in 45 BC. This book is a treatise on the theory of ethics, very popular during the Renaissance. The first line of Lorem Ipsum, &quot;Lorem ipsum dolor sit amet..&quot;, comes from a line in section 1.10.32.</p>\r\n', '0', '1', 'tr', '2017-02-25 23:44:34', '2017-03-08 21:24:58', '', '', 'haber-basligi-buraya-2', '0', '', null), ('7', '47', 'ref1', '', null, '', '0', '0', 'tr', '2017-02-26 00:08:05', '2017-03-14 18:56:11', '', '', 'ref1', '0', '', null), ('8', '47', 'ref2', '', '', '', '0', '0', 'tr', '2017-02-26 00:10:22', '2017-03-14 18:56:11', '', '', 'ref2', '0', '', null), ('9', '47', 'ref3', '', null, '', '0', '0', 'tr', '2017-02-26 00:12:17', '2017-03-14 18:56:11', '', '', 'ref3', '0', '', null), ('10', '47', 'ref4', '', null, '', '0', '0', 'tr', '2017-02-26 00:15:10', '2017-03-14 18:56:11', '', '', 'ref4', '0', '', null), ('11', '47', 'ref5', '', null, '', '0', '0', 'tr', '2017-02-26 00:16:02', '2017-03-14 18:56:11', '', '', 'ref5', '0', '', null), ('12', '47', 'ref6', '', null, '', '0', '0', 'tr', '2017-02-26 00:17:34', '2017-03-14 18:56:11', '', '', 'ref6', '0', '', null), ('13', '47', 'ref7', '', null, '', '0', '0', 'tr', '2017-02-26 00:18:34', '2017-03-14 18:56:02', '', '', 'ref7', '0', '', null), ('14', '27', 'Lojistik', 'Lorem Ipsum is simply dummy text of the printing and typesetting ', '', '<p>Contrary to popular belief, Lorem Ipsum is not simply random text. It has roots in a piece of classical Latin literature from 45 BC, making it over 2000 years old. Richard McClintock, a Latin professor at Hampden-Sydney College in Virginia, looked up one of the more obscure Latin words, consectetur, from a Lorem Ipsum passage, and going through the cites of the word in classical literature, discovered the undoubtable source. Lorem Ipsum comes from sections 1.10.32 and 1.10.33 of &quot;de Finibus Bonorum et Malorum&quot; (The Extremes of Good and Evil) by Cicero, written in 45 BC. This book is a treatise on the theory of ethics, very popular during the Renaissance. The first line of Lorem Ipsum, &quot;Lorem ipsum dolor sit amet..&quot;, comes from a line in section 1.10.32.</p>\r\n\r\n<p>The standard chunk of Lorem Ipsum used since the 1500s is reproduced below for those interested. Sections 1.10.32 and 1.10.33 from &quot;de Finibus Bonorum et Malorum&quot; by Cicero are also reproduced in their exact original form, accompanied by English versions from the 1914 translation by H. Rackham.</p>\r\n', '0', '1', 'tr', '2017-03-07 19:26:35', '2017-03-07 20:32:54', '', '', 'lojistik', '0', '', '1'), ('15', '27', 'Turizm', 'Lorem Ipsum is simply dummy text of the printing and typesetting ', '', '<p>Contrary to popular belief, Lorem Ipsum is not simply random text. It has roots in a piece of classical Latin literature from 45 BC, making it over 2000 years old. Richard McClintock, a Latin professor at Hampden-Sydney College in Virginia, looked up one of the more obscure Latin words, consectetur, from a Lorem Ipsum passage, and going through the cites of the word in classical literature, discovered the undoubtable source. Lorem Ipsum comes from sections 1.10.32 and 1.10.33 of &quot;de Finibus Bonorum et Malorum&quot; (The Extremes of Good and Evil) by Cicero, written in 45 BC. This book is a treatise on the theory of ethics, very popular during the Renaissance. The first line of Lorem Ipsum, &quot;Lorem ipsum dolor sit amet..&quot;, comes from a line in section 1.10.32.</p>\r\n\r\n<p>The standard chunk of Lorem Ipsum used since the 1500s is reproduced below for those interested. Sections 1.10.32 and 1.10.33 from &quot;de Finibus Bonorum et Malorum&quot; by Cicero are also reproduced in their exact original form, accompanied by English versions from the 1914 translation by H. Rackham.</p>\r\n', '0', '1', 'tr', '2017-03-07 19:26:42', '2017-03-07 20:32:50', '', '', 'turizm', '0', '', '1'), ('16', '49', 'Hakkımızda', '', '', '<p>Contrary to popular belief, Lorem Ipsum is not simply random text. It has roots in a piece of classical Latin literature from 45 BC, making it over 2000 years old. Richard McClintock, a Latin professor at Hampden-Sydney College in Virginia, looked up one of the more obscure Latin words, consectetur, from a Lorem Ipsum passage, and going through the cites of the word in classical literature, discovered the undoubtable source. Lorem Ipsum comes from sections 1.10.32 and 1.10.33 of &quot;de Finibus Bonorum et Malorum&quot; (The Extremes of Good and Evil) by Cicero, written in 45 BC. This book is a treatise on the theory of ethics, very popular during the Renaissance. The first line of Lorem Ipsum, &quot;Lorem ipsum dolor sit amet..&quot;, comes from a line in section 1.10.32.</p>\r\n\r\n<p>Contrary to popular belief, Lorem Ipsum is not simply random text. It has roots in a piece of classical Latin literature from 45 BC, making it over 2000 years old. Richard McClintock, a Latin professor at Hampden-Sydney College in Virginia, looked up one of the more obscure Latin words, consectetur, from a Lorem Ipsum passage, and going through the cites of the word in classical literature, discovered the undoubtable source. Lorem Ipsum comes from sections 1.10.32 and 1.10.33 of &quot;de Finibus Bonorum et Malorum&quot; (The Extremes of Good and Evil) by Cicero, written in 45 BC. This book is a treatise on the theory of ethics, very popular during the Renaissance. The first line of Lorem Ipsum, &quot;Lorem ipsum dolor sit amet..&quot;, comes from a line in section 1.10.32.</p>\r\n\r\n<p>Contrary to popular belief, Lorem Ipsum is not simply random text. It has roots in a piece of classical Latin literature from 45 BC, making it over 2000 years old. Richard McClintock, a Latin professor at Hampden-Sydney College in Virginia, looked up one of the more obscure Latin words, consectetur, from a Lorem Ipsum passage, and going through the cites of the word in classical literature, discovered the undoubtable source. Lorem Ipsum comes from sections 1.10.32 and 1.10.33 of &quot;de Finibus Bonorum et Malorum&quot; (The Extremes of Good and Evil) by Cicero, written in 45 BC. This book is a treatise on the theory of ethics, very popular during the Renaissance. The first line of Lorem Ipsum, &quot;Lorem ipsum dolor sit amet..&quot;, comes from a line in section 1.10.32.</p>\r\n', '0', '1', 'tr', '2017-03-07 20:39:39', '2017-03-07 20:56:51', '', '', 'hakkimizda', '0', '', null), ('17', '49', 'Vizyon & Misyon', '', '', '<p>Contrary to popular belief, Lorem Ipsum is not simply random text. It has roots in a piece of classical Latin literature from 45 BC, making it over 2000 years old. Richard McClintock, a Latin professor at Hampden-Sydney College in Virginia, looked up one of the more obscure Latin words, consectetur, from a Lorem Ipsum passage, and going through the cites of the word in classical literature, discovered the undoubtable source. Lorem Ipsum comes from sections 1.10.32 and 1.10.33 of &quot;de Finibus Bonorum et Malorum&quot; (The Extremes of Good and Evil) by Cicero, written in 45 BC. This book is a treatise on the theory of ethics, very popular during the Renaissance. The first line of Lorem Ipsum, &quot;Lorem ipsum dolor sit amet..&quot;, comes from a line in section 1.10.32.</p>\r\n', '0', '1', 'tr', '2017-03-07 20:39:52', '2017-03-07 20:57:06', '', '', 'vizyon-misyon', '0', '', null), ('18', '49', 'İnsan Kaynakları', '', '', '<p>Contrary to popular belief, Lorem Ipsum is not simply random text. It has roots in a piece of classical Latin literature from 45 BC, making it over 2000 years old. Richard McClintock, a Latin professor at Hampden-Sydney College in Virginia, looked up one of the more obscure Latin words, consectetur, from a Lorem Ipsum passage, and going through the cites of the word in classical literature, discovered the undoubtable source. Lorem Ipsum comes from sections 1.10.32 and 1.10.33 of &quot;de Finibus Bonorum et Malorum&quot; (The Extremes of Good and Evil) by Cicero, written in 45 BC. This book is a treatise on the theory of ethics, very popular during the Renaissance. The first line of Lorem Ipsum, &quot;Lorem ipsum dolor sit amet..&quot;, comes from a line in section 1.10.32.</p>\r\n\r\n<p>Contrary to popular belief, Lorem Ipsum is not simply random text. It has roots in a piece of classical Latin literature from 45 BC, making it over 2000 years old. Richard McClintock, a Latin professor at Hampden-Sydney College in Virginia, looked up one of the more obscure Latin words, consectetur, from a Lorem Ipsum passage, and going through the cites of the word in classical literature, discovered the undoubtable source. Lorem Ipsum comes from sections 1.10.32 and 1.10.33 of &quot;de Finibus Bonorum et Malorum&quot; (The Extremes of Good and Evil) by Cicero, written in 45 BC. This book is a treatise on the theory of ethics, very popular during the Renaissance. The first line of Lorem Ipsum, &quot;Lorem ipsum dolor sit amet..&quot;, comes from a line in section 1.10.32.</p>\r\n', '0', '1', 'tr', '2017-03-07 20:40:07', '2017-03-07 20:56:59', '', '', 'insan-kaynaklari', '0', '', null), ('20', '58', 'Haber başlığı buraya', 'Contrary to popular belief, Lorem Ipsum is not simply random text. It has roots in a piece of classical Latin literature from 45 BC, making it over 2000 years old. Richard McClintock, a Latin professor at Hampden-Sydney College in Virginia, looked up one of the more obscure Latin words, consectetur, from a Lorem Ipsum passage, and going through the cites of the word in classical literature, discovered the undoubtable source. Lorem Ipsum comes from sections 1.10.32 and 1.10.33 of \"de Finibus Bonorum et Malorum\" (The Extremes of Good and Evil) by Cicero, written in 45 BC. This book is a treatise on the theory of ethics, very popular during the Renaissance. The first line of Lorem Ipsum, \"Lorem ipsum dolor sit amet..\", comes from a line in section 1.10.32.', '', '<p>Contrary to popular belief, Lorem Ipsum is not simply random text. It has roots in a piece of classical Latin literature from 45 BC, making it over 2000 years old. Richard McClintock, a Latin professor at Hampden-Sydney College in Virginia, looked up one of the more obscure Latin words, consectetur, from a Lorem Ipsum passage, and going through the cites of the word in classical literature, discovered the undoubtable source. Lorem Ipsum comes from sections 1.10.32 and 1.10.33 of &quot;de Finibus Bonorum et Malorum&quot; (The Extremes of Good and Evil) by Cicero, written in 45 BC. This book is a treatise on the theory of ethics, very popular during the Renaissance. The first line of Lorem Ipsum, &quot;Lorem ipsum dolor sit amet..&quot;, comes from a line in section 1.10.32.</p>\r\n', '0', '1', 'tr', '2017-03-08 22:21:23', '2017-03-08 22:32:10', '', '', 'haber-basligi-buraya', '0', '', null), ('21', '58', 'Diğer haber başlığı da buraya!', 'Contrary to popular belief, Lorem Ipsum is not simply random text. It has roots in a piece of classical Latin literature from 45 BC, making it over 2000 years old. Richard McClintock, a Latin professor at Hampden-Sydney College in Virginia, looked up one of the more obscure Latin words, consectetur, from a Lorem Ipsum passage, and going through the cites of the word in classical literature, discovered the undoubtable source. Lorem Ipsum comes from sections 1.10.32 and 1.10.33 of \"de Finibus Bonorum et Malorum\" (The Extremes of Good and Evil) by Cicero, written in 45 BC. This book is a treatise on the theory of ethics, very popular during the Renaissance. The first line of Lorem Ipsum, \"Lorem ipsum dolor sit amet..\", comes from a line in section 1.10.32.', '', '<p>Contrary to popular belief, Lorem Ipsum is not simply random text. It has roots in a piece of classical Latin literature from 45 BC, making it over 2000 years old. Richard McClintock, a Latin professor at Hampden-Sydney College in Virginia, looked up one of the more obscure Latin words, consectetur, from a Lorem Ipsum passage, and going through the cites of the word in classical literature, discovered the undoubtable source. Lorem Ipsum comes from sections 1.10.32 and 1.10.33 of &quot;de Finibus Bonorum et Malorum&quot; (The Extremes of Good and Evil) by Cicero, written in 45 BC. This book is a treatise on the theory of ethics, very popular during the Renaissance. The first line of Lorem Ipsum, &quot;Lorem ipsum dolor sit amet..&quot;, comes from a line in section 1.10.32.</p>\r\n', '0', '1', 'tr', '2017-03-08 22:21:44', '2017-03-08 22:21:56', '', '', 'diger-haber-basligi-da-buraya', '0', '', null), ('23', '27', 'Logistics', '', '', '', '0', '1', 'en', '2017-03-14 23:07:30', '2017-03-14 23:07:42', '', '', 'logistics', '0', '', null), ('24', '27', 'Export', '', '', '', '0', '1', 'en', '2017-03-14 23:08:02', '2017-03-14 23:16:33', '', '', 'export', '0', '', null), ('25', '27', 'Services', '', '', '', '0', '1', 'en', '2017-03-14 23:08:14', '2017-03-14 23:17:01', '', '', 'services', '0', '', null), ('26', '27', 'Cargo', '', '', '', '0', '1', 'en', '2017-03-14 23:08:27', '2017-03-14 23:17:17', '', '', 'cargo', '0', '', null), ('27', '27', 'Tourism', '', '', '', '0', '1', 'en', '2017-03-14 23:08:46', '2017-03-14 23:16:23', '', '', 'tourism', '0', '', null), ('28', '49', 'About Us', '', null, '', '0', '1', 'en', '2017-03-14 23:12:23', '2017-03-14 23:12:23', '', '', 'about-us', '0', '', null), ('29', '49', 'Human Resources', '', null, '', '0', '1', 'en', '2017-03-14 23:12:35', '2017-03-14 23:12:35', '', '', 'human-resources', '0', '', null), ('30', '49', 'Mission & Vision', '', null, '', '0', '1', 'en', '2017-03-14 23:12:51', '2017-03-14 23:12:51', '', '', 'mission-vision', '0', '', null), ('31', '49', 'حول بنا', 'Hakkımızda', null, '', '0', '1', 'ar', '2017-03-15 19:53:29', '2017-03-15 19:53:29', '', '', 'hol-bna', '0', '', null), ('32', '49', 'الموارد البشرية', 'İnsan Kaynakları\r\n', null, '', '0', '1', 'ar', '2017-03-15 19:54:07', '2017-03-15 19:54:07', '', '', 'almoard-albshry', '0', '', null), ('33', '49', 'الرؤية والرسالة', 'Vizyon Misyon', null, '', '0', '1', 'ar', '2017-03-15 19:54:36', '2017-03-15 19:54:36', '', '', 'alroey-oalrsal', '0', '', null), ('34', '27', 'الخدمات اللوجستية', '', '', '<p>lojistik</p>\r\n', '0', '1', 'ar', '2017-03-15 20:00:25', '2017-03-15 20:29:31', '', '', 'alkhdmat-allojsty', '0', '', null), ('35', '27', 'حمولة', '', '', '', '0', '1', 'ar', '2017-03-15 20:00:43', '2017-03-15 20:29:08', '', '', 'hmol', '0', '', null), ('36', '27', 'تصدير', 'ihracat\r\n', '', '', '0', '1', 'ar', '2017-03-15 20:01:01', '2017-03-15 20:01:24', '', '', 'tsdyr', '0', '', null), ('37', '27', 'سياحة', 'turizm', '', '', '0', '1', 'ar', '2017-03-15 20:01:45', '2017-03-15 20:28:24', '', '', 'syah', '0', '', null), ('38', '27', 'سياحة', 'Turizm', '', '', '0', '1', 'ar', '2017-03-15 20:02:03', '2017-03-15 22:00:52', '', '', 'syah-1', '0', '', null), ('39', '49', 'خدمة', 'hizmet', '', '', '0', '1', 'ar', '2017-03-15 20:04:10', '2017-03-15 22:00:16', '', '', 'khdm', '0', '', null);
COMMIT;

-- ----------------------------
--  Table structure for `campaign_relations`
-- ----------------------------
DROP TABLE IF EXISTS `campaign_relations`;
CREATE TABLE `campaign_relations` (
  `id` int(10) unsigned NOT NULL AUTO_INCREMENT,
  `product_id` int(10) unsigned NOT NULL,
  `campaign_id` int(10) unsigned NOT NULL,
  PRIMARY KEY (`id`),
  KEY `campaign_relations_product_id_foreign` (`product_id`),
  KEY `campaign_relations_campaign_id_foreign` (`campaign_id`),
  CONSTRAINT `campaign_relations_campaign_id_foreign` FOREIGN KEY (`campaign_id`) REFERENCES `campaigns` (`id`) ON DELETE CASCADE,
  CONSTRAINT `campaign_relations_product_id_foreign` FOREIGN KEY (`product_id`) REFERENCES `products` (`id`) ON DELETE CASCADE
) ENGINE=InnoDB DEFAULT CHARSET=utf8 COLLATE=utf8_unicode_ci;

-- ----------------------------
--  Table structure for `campaigns`
-- ----------------------------
DROP TABLE IF EXISTS `campaigns`;
CREATE TABLE `campaigns` (
  `id` int(10) unsigned NOT NULL AUTO_INCREMENT,
  `name` varchar(255) COLLATE utf8_unicode_ci DEFAULT NULL,
  `discount` int(11) DEFAULT NULL,
  `date_start` timestamp NULL DEFAULT NULL,
  `date_end` timestamp NULL DEFAULT NULL,
  `list_id` int(10) unsigned NOT NULL DEFAULT '0',
  `active` int(10) unsigned NOT NULL DEFAULT '1',
  `locale` varchar(255) COLLATE utf8_unicode_ci NOT NULL DEFAULT 'tr',
  `created_at` timestamp NULL DEFAULT NULL,
  `updated_at` timestamp NULL DEFAULT NULL,
  `coupon_keyword` varchar(255) COLLATE utf8_unicode_ci NOT NULL DEFAULT '1',
  `type` int(11) DEFAULT NULL,
  PRIMARY KEY (`id`),
  KEY `campaigns_locale_index` (`locale`)
) ENGINE=InnoDB DEFAULT CHARSET=utf8 COLLATE=utf8_unicode_ci;

-- ----------------------------
--  Table structure for `categories`
-- ----------------------------
DROP TABLE IF EXISTS `categories`;
CREATE TABLE `categories` (
  `id` int(10) unsigned NOT NULL AUTO_INCREMENT,
  `parent_id` int(11) DEFAULT NULL,
  `lft` int(11) DEFAULT NULL,
  `rgt` int(11) DEFAULT NULL,
  `depth` int(11) DEFAULT NULL,
  `list_id` int(11) DEFAULT NULL,
  `active` int(11) DEFAULT NULL,
  `type` int(11) DEFAULT NULL,
  `name` varchar(255) COLLATE utf8_unicode_ci NOT NULL,
  `slug` varchar(255) COLLATE utf8_unicode_ci NOT NULL,
  `desc` varchar(255) COLLATE utf8_unicode_ci DEFAULT NULL,
  `created_at` timestamp NULL DEFAULT NULL,
  `updated_at` timestamp NULL DEFAULT NULL,
  `link_type` int(11) DEFAULT NULL,
  `url` varchar(255) COLLATE utf8_unicode_ci DEFAULT NULL,
  `article_url` text COLLATE utf8_unicode_ci,
  PRIMARY KEY (`id`),
  KEY `categories_parent_id_index` (`parent_id`),
  KEY `categories_lft_index` (`lft`),
  KEY `categories_rgt_index` (`rgt`),
  KEY `categories_depth_index` (`depth`),
  KEY `categories_link_type_index` (`link_type`)
) ENGINE=InnoDB AUTO_INCREMENT=61 DEFAULT CHARSET=utf8 COLLATE=utf8_unicode_ci;

-- ----------------------------
--  Records of `categories`
-- ----------------------------
BEGIN;
INSERT INTO `categories` VALUES ('14', null, '1', '84', '0', '1', '1', null, 'Kategoriler (Root)', 'kategoriler-root', null, '2017-02-25 20:31:30', '2017-03-15 21:45:39', null, null, null), ('15', '14', '2', '3', '1', '1', '1', null, 'Değişkenler', 'degiskenler', null, '2017-02-25 20:31:30', '2017-03-07 21:37:47', null, null, null), ('16', '14', '4', '59', '1', '2', '1', null, 'Menü Kategorileri', 'menu-kategorileri', null, '2017-02-25 20:31:30', '2017-03-07 22:41:09', null, null, null), ('17', '16', '5', '44', '2', '1', '1', null, 'Header Menüler', 'header-menuler', null, '2017-02-25 20:31:30', '2017-03-07 20:36:00', null, null, null), ('18', '16', '45', '58', '2', '2', '1', null, 'Footer Menüler', 'footer-menuler', null, '2017-02-25 20:31:30', '2017-03-07 22:41:09', null, null, null), ('19', '14', '60', '75', '1', '3', '1', null, 'Yazı Kategorileri', 'yazi-kategorileri', null, '2017-02-25 20:31:30', '2017-03-15 21:45:39', null, null, null), ('20', '19', '61', '66', '2', '3', '1', null, 'Blog', 'blog', null, '2017-02-25 20:31:30', '2017-03-08 20:56:22', null, null, null), ('22', '19', '67', '68', '2', '0', '1', null, 'Sayfalar', 'sayfalar', null, '2017-02-25 20:31:30', '2017-03-08 20:56:22', null, null, null), ('24', '14', '76', '79', '1', '4', '1', null, 'Markalar', 'markalar', null, '2017-02-25 20:31:30', '2017-03-15 21:45:39', null, null, null), ('25', '24', '77', '78', '2', '0', '0', null, 'Marka 1', 'marka 1', null, '2017-02-25 20:31:31', '2017-03-15 21:45:39', null, null, null), ('26', '14', '80', '83', '1', '3', '1', null, 'Ürün Kategorileri', 'urun-kategorileri', null, '2017-02-25 20:31:31', '2017-03-15 21:45:39', null, null, null), ('27', '19', '69', '70', '2', '1', '1', null, 'Hizmetler', 'hizmetler', null, '2017-02-25 22:08:33', '2017-03-15 20:44:24', '1', '', ''), ('29', '17', '6', '13', '3', '1', '1', null, 'KURUMSAL', 'kurumsal', null, '2017-02-25 22:38:13', '2017-03-07 20:33:18', null, '', ''), ('30', '17', '14', '15', '3', '1', '1', null, 'ÜRÜNLER', 'urunler', null, '2017-02-25 22:38:26', '2017-03-07 20:37:58', '2', '/urunler', ''), ('31', '17', '16', '27', '3', '1', '1', null, 'HİZMETLER', 'hizmetler', null, '2017-02-25 22:38:40', '2017-03-15 22:05:13', '2', '/hizmetler', ''), ('32', '17', '28', '29', '3', '1', '1', null, 'İLETİŞİM', 'iletisim', null, '2017-02-25 22:38:45', '2017-03-08 22:52:06', '2', '/iletisim', ''), ('33', '29', '7', '8', '4', '1', '1', null, 'HAKKIMIZDA', 'hakkimizda', null, '2017-02-25 22:39:01', '2017-03-07 20:42:11', '3', '', '/kurumsal/hakkimizda'), ('34', '29', '9', '10', '4', '1', '1', null, 'İNSAN KAYNAKLARI', 'insan-kaynaklari', null, '2017-02-25 22:56:29', '2017-03-07 20:43:34', '3', '', '/kurumsal/insan-kaynaklari'), ('35', '29', '11', '12', '4', '1', '1', null, 'VİZYON & MİSYON', 'vizyon-misyon', null, '2017-02-25 22:56:41', '2017-03-07 20:42:28', '3', '', '/kurumsal/vizyon-misyon'), ('36', '31', '17', '18', '4', '1', '1', null, 'LOJİSTİK', 'lojistik', null, '2017-02-25 22:58:18', '2017-03-07 20:34:56', '3', '', '/hizmetler/lojistik'), ('37', '31', '19', '20', '4', '1', '1', null, 'KARGO', 'kargo', null, '2017-02-25 22:58:22', '2017-03-07 20:34:22', '3', '', '/hizmetler/kargo'), ('38', '31', '21', '22', '4', '1', '1', null, 'İHRACAT', 'ihracat', null, '2017-02-25 22:58:27', '2017-03-07 20:34:48', '3', '', '/hizmetler/ihracat'), ('39', '31', '23', '24', '4', '1', '1', null, 'TURIZM', 'turizm', null, '2017-02-25 22:59:13', '2017-03-07 20:34:43', '3', '', '/hizmetler/turizm'), ('40', '17', '30', '43', '3', '1', '1', null, 'KARGO SORGULAMA', 'kargo-sorgulama', null, '2017-02-25 22:59:57', '2017-03-07 20:36:00', null, '', ''), ('41', '40', '31', '32', '4', '1', '1', null, 'THY', 'thy', null, '2017-02-25 23:00:18', '2017-03-08 22:30:13', '2', 'http://www.turkishcargo.com.tr/tr/e-kargo/kargo-takibi', ''), ('42', '40', '33', '34', '4', '1', '1', null, 'MNG', 'mng', null, '2017-02-25 23:00:23', '2017-03-08 22:30:57', '2', 'http://www.mngkargo.com.tr/en/', ''), ('43', '40', '35', '36', '4', '1', '1', null, 'BRITISH CARGO', 'british-cargo', null, '2017-02-25 23:00:34', '2017-03-08 22:30:04', null, '', ''), ('44', '40', '37', '38', '4', '1', '1', null, 'EMIRATES', 'emirates', null, '2017-02-25 23:00:48', '2017-03-08 22:30:05', null, '', ''), ('45', '40', '39', '40', '4', '1', '1', null, 'LUFHTANSA', 'lufhtansa', null, '2017-02-25 23:01:08', '2017-03-08 22:30:05', null, '', ''), ('46', '40', '41', '42', '4', '1', '1', null, 'ETHIOPIA AIRLINES', 'ethiopia-airlines', null, '2017-02-25 23:01:27', '2017-03-08 22:30:05', null, '', ''), ('47', '19', '71', '72', '2', '1', '1', null, 'Referanslarımız', 'referanslarimiz', null, '2017-02-26 00:04:31', '2017-03-08 20:56:22', '1', '', ''), ('48', '31', '25', '26', '4', '1', '0', null, 'HİZMET', 'hizmet', null, '2017-03-07 20:36:00', '2017-03-07 20:36:00', '3', '', '/hizmetler/hizmet'), ('49', '19', '73', '74', '2', '1', '1', null, 'Kurumsal', 'kurumsal', null, '2017-03-07 20:39:22', '2017-03-08 20:56:22', null, '', ''), ('51', '18', '46', '47', '3', '1', '0', null, 'Hakkımızda', 'hakkimizda', null, '2017-03-07 22:36:33', '2017-03-07 22:36:33', '3', '', '/kurumsal/hakkimizda'), ('52', '18', '48', '49', '3', '1', '0', null, 'İnsan Kaynakları', 'insan-kaynaklari', null, '2017-03-07 22:36:44', '2017-03-07 22:36:44', '3', '', '/kurumsal/insan-kaynaklari'), ('53', '18', '50', '51', '3', '1', '0', null, 'Vizyon & Misyon', 'vizyon-misyon', null, '2017-03-07 22:37:05', '2017-03-07 22:37:05', '3', '', '/kurumsal/vizyon-misyon'), ('54', '18', '52', '53', '3', '1', '0', null, 'Ürünler', 'urunler', null, '2017-03-07 22:37:14', '2017-03-07 22:37:14', '2', '/urunler', ''), ('55', '18', '54', '55', '3', '1', '0', null, 'Hizmetler', 'hizmetler', null, '2017-03-07 22:40:58', '2017-03-07 22:40:58', '2', '/hizmetler', ''), ('56', '18', '56', '57', '3', '1', '0', null, 'İletişim', 'iletisim', null, '2017-03-07 22:41:09', '2017-03-07 22:41:09', '2', '/iletişim', ''), ('57', '20', '62', '63', '3', '1', '1', null, 'Bizden Haberler', 'bizden-haberler', null, '2017-03-08 20:56:18', '2017-03-15 21:56:17', '2', '/bizden-haberler', ''), ('58', '20', '64', '65', '3', '1', '1', null, 'Basında Biz', 'basinda-biz', null, '2017-03-08 20:56:22', '2017-03-15 21:56:31', '2', '/basinda-biz', ''), ('60', '26', '81', '82', '2', '1', '0', null, 'Genel', 'genel', null, '2017-03-15 21:03:11', '2017-03-15 21:45:39', '1', '', '');
COMMIT;

-- ----------------------------
--  Table structure for `category_langs`
-- ----------------------------
DROP TABLE IF EXISTS `category_langs`;
CREATE TABLE `category_langs` (
  `id` int(10) unsigned NOT NULL AUTO_INCREMENT,
  `category_id` int(11) DEFAULT NULL,
  `name` varchar(255) COLLATE utf8_unicode_ci NOT NULL,
  `slug` varchar(255) COLLATE utf8_unicode_ci NOT NULL,
  `locale` varchar(255) COLLATE utf8_unicode_ci DEFAULT NULL,
  `created_at` timestamp NULL DEFAULT NULL,
  `updated_at` timestamp NULL DEFAULT NULL,
  `url` varchar(255) COLLATE utf8_unicode_ci DEFAULT NULL,
  `article_url` varchar(255) COLLATE utf8_unicode_ci DEFAULT NULL,
  `link_type` int(10) unsigned NOT NULL DEFAULT '1',
  PRIMARY KEY (`id`),
  KEY `category_langs_category_id_index` (`category_id`),
  KEY `category_langs_slug_index` (`slug`),
  KEY `category_langs_locale_index` (`locale`),
  KEY `category_langs_url_index` (`url`),
  KEY `category_langs_link_type_index` (`link_type`)
) ENGINE=InnoDB AUTO_INCREMENT=44 DEFAULT CHARSET=utf8 COLLATE=utf8_unicode_ci;

-- ----------------------------
--  Records of `category_langs`
-- ----------------------------
BEGIN;
INSERT INTO `category_langs` VALUES ('1', '58', 'Press', 'press', 'en', '2017-03-08 21:05:34', '2017-03-15 21:54:33', '/press', '', '2'), ('2', '29', 'Corporate', 'corporate', 'en', '2017-03-08 21:09:57', '2017-03-08 21:09:57', '', '', '2'), ('3', '57', 'Our News', 'our-news', 'en', '2017-03-08 21:18:39', '2017-03-15 21:51:57', '/our-news', '', '2'), ('4', '30', 'Products', 'products', 'en', '2017-03-14 22:43:55', '2017-03-15 21:16:57', '/products', '', '2'), ('5', '31', 'Services', 'services', 'en', '2017-03-14 22:44:08', '2017-03-15 21:34:53', '/services', '', '2'), ('6', '32', 'Contact', 'contact', 'en', '2017-03-14 22:44:38', '2017-03-15 21:35:32', '/contact', '', '2'), ('7', '40', 'Cargo', 'cargo', 'en', '2017-03-14 22:45:08', '2017-03-14 22:45:08', '', '', '2'), ('8', '49', 'Corporative', 'corporative', 'en', '2017-03-14 23:06:42', '2017-03-14 23:06:42', '', '', '1'), ('9', '27', 'Services', 'services', 'en', '2017-03-14 23:07:05', '2017-03-14 23:07:05', '', '', '1'), ('10', '48', 'SERVICES', 'services', 'en', '2017-03-14 23:10:38', '2017-03-14 23:10:38', '', '/services/services', '3'), ('11', '39', 'TOURISM', 'tourism', 'en', '2017-03-14 23:10:59', '2017-03-14 23:10:59', '', '/services/tourism', '3'), ('12', '38', 'EXPORT', 'export', 'en', '2017-03-14 23:11:19', '2017-03-14 23:11:19', '', '/services/export', '3'), ('13', '37', 'CARGO', 'cargo', 'en', '2017-03-14 23:11:37', '2017-03-14 23:11:37', '', '/services/kargo-1', '3'), ('14', '36', 'LOGISTICS', 'logistics', 'tr', '2017-03-14 23:11:51', '2017-03-14 23:11:51', '', '/services/logistics', '3'), ('15', '35', 'MISSION & VISION', 'mission-vision', 'en', '2017-03-14 23:13:24', '2017-03-14 23:13:24', '', '/corporative/mission-vision', '3'), ('16', '34', 'HUMAN RESOURCES', 'human-resources', 'en', '2017-03-14 23:13:42', '2017-03-14 23:13:42', '', '/corporative/human-resources', '3'), ('17', '33', 'ABOUT US', 'about-us', 'en', '2017-03-14 23:13:53', '2017-03-14 23:13:53', '', '/corporative/about-us', '3'), ('18', '29', 'المؤسسية', 'almoessy', 'ar', '2017-03-14 23:24:03', '2017-03-14 23:24:03', '', '', '1'), ('19', '30', 'المنتجات', 'almntjat', 'ar', '2017-03-14 23:24:40', '2017-03-15 22:09:33', '/urunler', '', '2'), ('20', '31', 'الخدمات', 'alkhdmat', 'ar', '2017-03-14 23:25:01', '2017-03-15 22:09:23', '/hizmetler', '', '2'), ('21', '32', 'اتصالات', 'atsalat', 'ar', '2017-03-14 23:25:17', '2017-03-15 22:09:12', '/iletisim', '', '2'), ('22', '40', 'حمولة', 'hmol', 'ar', '2017-03-14 23:25:53', '2017-03-14 23:25:53', '', '', '1'), ('23', '35', 'الرؤية والرسالة', 'alroey-oalrsal', 'ar', '2017-03-15 19:55:45', '2017-03-15 19:57:57', '', '/kurumsal/alroey-oalrsal', '3'), ('24', '33', 'حول بنا', 'hol-bna', 'ar', '2017-03-15 19:56:25', '2017-03-15 19:56:25', '', '/kurumsal/hol-bna', '3'), ('25', '34', 'الموارد البشرية', 'almoard-albshry', 'ar', '2017-03-15 19:57:14', '2017-03-15 19:57:14', '', '/kurumsal/almoard-albshry', '3'), ('26', '48', 'خدمة', 'khdm', 'ar', '2017-03-15 20:05:29', '2017-03-15 20:06:22', '', '/kurumsal/khdm', '3'), ('27', '39', 'سياحة', 'syah', 'ar', '2017-03-15 20:05:58', '2017-03-15 20:05:58', '', '/hizmetlerimiz/syah', '3'), ('28', '38', 'تصدير', 'tsdyr', 'ar', '2017-03-15 20:07:25', '2017-03-15 20:07:25', '', '/hizmetlerimiz/tsdyr', '3'), ('29', '37', 'حمولة', 'hmol', 'ar', '2017-03-15 20:07:55', '2017-03-15 20:07:55', '', '/hizmetlerimiz/hmol', '3'), ('30', '36', 'الخدمات اللوجستية', 'alkhdmat-allojsty', 'ar', '2017-03-15 20:08:28', '2017-03-15 20:08:28', '', '/hizmetlerimiz/alkhdmat-allojsty', '3'), ('31', '56', 'اتصالات', 'atsalat', 'ar', '2017-03-15 20:30:49', '2017-03-15 20:30:49', '/iletisim', '', '2'), ('32', '55', 'الخدمات', 'alkhdmat', 'ar', '2017-03-15 20:31:30', '2017-03-15 20:31:30', '/hizmetler', '', '2'), ('33', '54', 'المنتجات', 'almntjat', 'ar', '2017-03-15 20:31:49', '2017-03-15 20:31:49', '/urunler', '', '2'), ('34', '53', 'الرؤية والرسالة', 'alroey-oalrsal', 'ar', '2017-03-15 20:32:20', '2017-03-15 20:32:20', '', '/kurumsal/alroey-oalrsal', '3'), ('35', '52', 'الموارد البشرية', 'almoard-albshry', 'ar', '2017-03-15 20:32:39', '2017-03-15 20:32:39', '', '/kurumsal/almoard-albshry', '3'), ('36', '51', 'حول بنا', 'hol-bna', 'ar', '2017-03-15 20:33:56', '2017-03-15 20:33:56', '', '/kurumsal/khdm', '3'), ('37', '56', 'Contact', 'contact', 'en', '2017-03-15 20:58:50', '2017-03-15 20:58:59', '/contact', '', '2'), ('38', '55', 'Services', 'services', 'en', '2017-03-15 20:59:21', '2017-03-15 20:59:21', '/services', '', '2'), ('39', '54', 'Products', 'products', 'en', '2017-03-15 21:00:03', '2017-03-15 21:00:57', '/urunler', '', '2'), ('40', '53', 'Vision & Mission', 'vision-mission', 'en', '2017-03-15 21:01:44', '2017-03-15 21:01:44', '', '/corporative/human-resources', '3'), ('41', '52', 'Human Resources', 'human-resources', 'en', '2017-03-15 21:02:10', '2017-03-15 21:02:10', '', '/corporative/human-resources', '3'), ('42', '51', 'About Us', 'about-us', 'en', '2017-03-15 21:18:10', '2017-03-15 21:18:10', '', '/kurumsal/hakkimizda', '3'), ('43', '57', 'لدينا أخبار', 'ldyna-akhbar', 'ar', '2017-03-15 21:51:01', '2017-03-15 21:51:01', '/bizden-haberler', '', '2');
COMMIT;

-- ----------------------------
--  Table structure for `cities`
-- ----------------------------
DROP TABLE IF EXISTS `cities`;
CREATE TABLE `cities` (
  `id` int(10) unsigned NOT NULL AUTO_INCREMENT,
  `city_id` int(10) unsigned NOT NULL,
  `city` varchar(50) COLLATE utf8_unicode_ci NOT NULL,
  PRIMARY KEY (`id`),
  KEY `cities_city_id_index` (`city_id`)
) ENGINE=InnoDB AUTO_INCREMENT=82 DEFAULT CHARSET=utf8 COLLATE=utf8_unicode_ci;

-- ----------------------------
--  Records of `cities`
-- ----------------------------
BEGIN;
INSERT INTO `cities` VALUES ('1', '1', 'Adana'), ('2', '2', 'Adıyaman'), ('3', '3', 'Afyonkarahisar'), ('4', '4', 'Ağrı'), ('5', '5', 'Amasya'), ('6', '6', 'Ankara'), ('7', '7', 'Antalya'), ('8', '8', 'Artvin'), ('9', '9', 'Aydın'), ('10', '10', 'Balıkesir'), ('11', '11', 'Bilecik'), ('12', '12', 'Bingöl'), ('13', '13', 'Bitlis'), ('14', '14', 'Bolu'), ('15', '15', 'Burdur'), ('16', '16', 'Bursa'), ('17', '17', 'Çanakkale'), ('18', '18', 'Çankırı'), ('19', '19', 'Çorum'), ('20', '20', 'Denizli'), ('21', '21', 'Diyarbakır'), ('22', '22', 'Edirne'), ('23', '23', 'Elazığ'), ('24', '24', 'Erzincan'), ('25', '25', 'Erzurum'), ('26', '26', 'Eskişehir'), ('27', '27', 'Gaziantep'), ('28', '28', 'Giresun'), ('29', '29', 'Gümüşhane'), ('30', '30', 'Hakkari'), ('31', '31', 'Hatay'), ('32', '32', 'Isparta'), ('33', '33', 'Mersin'), ('34', '34', 'İstanbul'), ('35', '35', 'İzmir'), ('36', '36', 'Kars'), ('37', '37', 'Kastamonu'), ('38', '38', 'Kayseri'), ('39', '39', 'Kırklareli'), ('40', '40', 'Kırşehir'), ('41', '41', 'Kocaeli'), ('42', '42', 'Konya'), ('43', '43', 'Kütahya'), ('44', '44', 'Malatya'), ('45', '45', 'Manisa'), ('46', '46', 'Kahramanmaraş'), ('47', '47', 'Mardin'), ('48', '48', 'Muğla'), ('49', '49', 'Muş'), ('50', '50', 'Nevşehir'), ('51', '51', 'Niğde'), ('52', '52', 'Ordu'), ('53', '53', 'Rize'), ('54', '54', 'Sakarya'), ('55', '55', 'Samsun'), ('56', '56', 'Siirt'), ('57', '57', 'Sinop'), ('58', '58', 'Sivas'), ('59', '59', 'Tekirdağ'), ('60', '60', 'Tokat'), ('61', '61', 'Trabzon'), ('62', '62', 'Tunceli'), ('63', '63', 'Şanlıurfa'), ('64', '64', 'Uşak'), ('65', '65', 'Van'), ('66', '66', 'Yozgat'), ('67', '67', 'Zonguldak'), ('68', '68', 'Aksaray'), ('69', '69', 'Bayburt'), ('70', '70', 'Karaman'), ('71', '71', 'Kırıkkale'), ('72', '72', 'Batman'), ('73', '73', 'Şırnak'), ('74', '74', 'Bartın'), ('75', '75', 'Ardahan'), ('76', '76', 'Iğdır'), ('77', '77', 'Yalova'), ('78', '78', 'Karabük'), ('79', '79', 'Kilis'), ('80', '80', 'Osmaniye'), ('81', '81', 'Düzce');
COMMIT;

-- ----------------------------
--  Table structure for `districts`
-- ----------------------------
DROP TABLE IF EXISTS `districts`;
CREATE TABLE `districts` (
  `id` int(10) unsigned NOT NULL AUTO_INCREMENT,
  `city_id` int(10) unsigned NOT NULL,
  `district` varchar(75) COLLATE utf8_unicode_ci NOT NULL,
  PRIMARY KEY (`id`),
  KEY `districts_city_id_foreign` (`city_id`),
  CONSTRAINT `districts_city_id_foreign` FOREIGN KEY (`city_id`) REFERENCES `cities` (`city_id`) ON DELETE CASCADE
) ENGINE=InnoDB AUTO_INCREMENT=994 DEFAULT CHARSET=utf8 COLLATE=utf8_unicode_ci;

-- ----------------------------
--  Records of `districts`
-- ----------------------------
BEGIN;
INSERT INTO `districts` VALUES ('1', '1', 'Seyhan'), ('2', '1', 'Ceyhan'), ('3', '1', 'Feke'), ('4', '1', 'Karaisalı'), ('5', '1', 'Karataş'), ('6', '1', 'Kozan'), ('7', '1', 'Pozantı'), ('8', '1', 'Saimbeyli'), ('9', '1', 'Tufanbeyli'), ('10', '1', 'Yumurtalık'), ('11', '1', 'Yüreğir'), ('12', '1', 'Aladağ'), ('13', '1', 'İmamoğlu'), ('14', '1', 'Sarıçam'), ('15', '1', 'Çukurova'), ('16', '2', 'Adıyaman Merkez'), ('17', '2', 'Besni'), ('18', '2', 'Çelikhan'), ('19', '2', 'Gerger'), ('20', '2', 'Gölbaşı / Adıyaman'), ('21', '2', 'Kahta'), ('22', '2', 'Samsat'), ('23', '2', 'Sincik'), ('24', '2', 'Tut'), ('25', '3', 'Afyonkarahisar Merkez'), ('26', '3', 'Bolvadin'), ('27', '3', 'Çay'), ('28', '3', 'Dazkırı'), ('29', '3', 'Dinar'), ('30', '3', 'Emirdağ'), ('31', '3', 'İhsaniye'), ('32', '3', 'Sandıklı'), ('33', '3', 'Sinanpaşa'), ('34', '3', 'Sultandağı'), ('35', '3', 'Şuhut'), ('36', '3', 'Başmakçı'), ('37', '3', 'Bayat / Afyonkarahisar'), ('38', '3', 'İscehisar'), ('39', '3', 'Çobanlar'), ('40', '3', 'Evciler'), ('41', '3', 'Hocalar'), ('42', '3', 'Kızılören'), ('43', '4', 'Ağrı Merkez'), ('44', '4', 'Diyadin'), ('45', '4', 'Doğubayazıt'), ('46', '4', 'Eleşkirt'), ('47', '4', 'Hamur'), ('48', '4', 'Patnos'), ('49', '4', 'Taşlıçay'), ('50', '4', 'Tutak'), ('51', '5', 'Amasya Merkez'), ('52', '5', 'Göynücek'), ('53', '5', 'Gümüşhacıköy'), ('54', '5', 'Merzifon'), ('55', '5', 'Suluova'), ('56', '5', 'Taşova'), ('57', '5', 'Hamamözü'), ('58', '6', 'Altındağ'), ('59', '6', 'Ayaş'), ('60', '6', 'Bala'), ('61', '6', 'Beypazarı'), ('62', '6', 'Çamlıdere'), ('63', '6', 'Çankaya'), ('64', '6', 'Çubuk'), ('65', '6', 'Elmadağ'), ('66', '6', 'Güdül'), ('67', '6', 'Haymana'), ('68', '6', 'Kalecik'), ('69', '6', 'Kızılcahamam'), ('70', '6', 'Nallıhan'), ('71', '6', 'Polatlı'), ('72', '6', 'Şereflikoçhisar'), ('73', '6', 'Yenimahalle'), ('74', '6', 'Gölbaşı / Ankara'), ('75', '6', 'Keçiören'), ('76', '6', 'Mamak'), ('77', '6', 'Sincan'), ('78', '6', 'Kazan'), ('79', '6', 'Akyurt'), ('80', '6', 'Etimesgut'), ('81', '6', 'Evren'), ('82', '6', 'Pursaklar'), ('83', '7', 'Akseki'), ('84', '7', 'Alanya'), ('85', '7', 'Antalya Merkez'), ('86', '7', 'Elmalı'), ('87', '7', 'Finike'), ('88', '7', 'Gazipaşa'), ('89', '7', 'Gündoğmuş'), ('90', '7', 'Kaş'), ('91', '7', 'Korkuteli'), ('92', '7', 'Kumluca'), ('93', '7', 'Manavgat'), ('94', '7', 'Serik'), ('95', '7', 'Demre'), ('96', '7', 'İbradı'), ('97', '7', 'Kemer / Antalya'), ('98', '7', 'Aksu / Antalya'), ('99', '7', 'Döşemealtı'), ('100', '7', 'Kepez'), ('101', '7', 'Konyaaltı'), ('102', '7', 'Muratpaşa'), ('103', '8', 'Ardanuç'), ('104', '8', 'Arhavi'), ('105', '8', 'Artvin Merkez'), ('106', '8', 'Borçka'), ('107', '8', 'Hopa'), ('108', '8', 'Şavşat'), ('109', '8', 'Yusufeli'), ('110', '8', 'Murgul'), ('111', '9', 'Aydın Merkez'), ('112', '9', 'Bozdoğan'), ('113', '9', 'Çine'), ('114', '9', 'Germencik'), ('115', '9', 'Karacasu'), ('116', '9', 'Koçarlı'), ('117', '9', 'Kuşadası'), ('118', '9', 'Kuyucak'), ('119', '9', 'Nazilli'), ('120', '9', 'Söke'), ('121', '9', 'Sultanhisar'), ('122', '9', 'Yenipazar / Aydın'), ('123', '9', 'Buharkent'), ('124', '9', 'İncirliova'), ('125', '9', 'Karpuzlu'), ('126', '9', 'Köşk'), ('127', '9', 'Didim'), ('128', '9', 'Efeler'), ('129', '10', 'Ayvalık'), ('130', '10', 'Balıkesir Merkez'), ('131', '10', 'Balya'), ('132', '10', 'Bandırma'), ('133', '10', 'Bigadiç'), ('134', '10', 'Burhaniye'), ('135', '10', 'Dursunbey'), ('136', '10', 'Edremit / Balıkesir'), ('137', '10', 'Erdek'), ('138', '10', 'Gönen / Balıkesir'), ('139', '10', 'Havran'), ('140', '10', 'İvrindi'), ('141', '10', 'Kepsut'), ('142', '10', 'Manyas'), ('143', '10', 'Savaştepe'), ('144', '10', 'Sındırgı'), ('145', '10', 'Susurluk'), ('146', '10', 'Marmara'), ('147', '10', 'Gömeç'), ('148', '10', 'Altıeylül'), ('149', '10', 'Karesi'), ('150', '11', 'Bilecik Merkez'), ('151', '11', 'Bozüyük'), ('152', '11', 'Gölpazarı'), ('153', '11', 'Osmaneli'), ('154', '11', 'Pazaryeri'), ('155', '11', 'Söğüt'), ('156', '11', 'Yenipazar / Bilecik'), ('157', '11', 'İnhisar'), ('158', '12', 'Bingöl Merkez'), ('159', '12', 'Genç'), ('160', '12', 'Karlıova'), ('161', '12', 'Kiğı'), ('162', '12', 'Solhan'), ('163', '12', 'Adaklı'), ('164', '12', 'Yayladere'), ('165', '12', 'Yedisu'), ('166', '13', 'Adilcevaz'), ('167', '13', 'Ahlat'), ('168', '13', 'Bitlis Merkez'), ('169', '13', 'Hizan'), ('170', '13', 'Mutki'), ('171', '13', 'Tatvan'), ('172', '13', 'Güroymak'), ('173', '14', 'Bolu Merkez'), ('174', '14', 'Gerede'), ('175', '14', 'Göynük'), ('176', '14', 'Kıbrıscık'), ('177', '14', 'Mengen'), ('178', '14', 'Mudurnu'), ('179', '14', 'Seben'), ('180', '14', 'Dörtdivan'), ('181', '14', 'Yeniçağa'), ('182', '15', 'Ağlasun'), ('183', '15', 'Bucak'), ('184', '15', 'Burdur Merkez'), ('185', '15', 'Gölhisar'), ('186', '15', 'Tefenni'), ('187', '15', 'Yeşilova'), ('188', '15', 'Karamanlı'), ('189', '15', 'Kemer / Burdur'), ('190', '15', 'Altınyayla / Burdur'), ('191', '15', 'Çavdır'), ('192', '15', 'Çeltikçi'), ('193', '16', 'Gemlik'), ('194', '16', 'İnegöl'), ('195', '16', 'İznik'), ('196', '16', 'Karacabey'), ('197', '16', 'Keles'), ('198', '16', 'Mudanya'), ('199', '16', 'Mustafakemalpaşa'), ('200', '16', 'Orhaneli'), ('201', '16', 'Orhangazi'), ('202', '16', 'Yenişehir / Bursa'), ('203', '16', 'Büyükorhan'), ('204', '16', 'Harmancık'), ('205', '16', 'Nilüfer'), ('206', '16', 'Osmangazi'), ('207', '16', 'Yıldırım'), ('208', '16', 'Gürsu'), ('209', '16', 'Kestel'), ('210', '17', 'Ayvacık / Çanakkale'), ('211', '17', 'Bayramiç'), ('212', '17', 'Biga'), ('213', '17', 'Bozcaada'), ('214', '17', 'Çan'), ('215', '17', 'Çanakkale Merkez'), ('216', '17', 'Eceabat'), ('217', '17', 'Ezine'), ('218', '17', 'Gelibolu'), ('219', '17', 'Gökçeada'), ('220', '17', 'Lapseki'), ('221', '17', 'Yenice / Çanakkale'), ('222', '18', 'Çankırı Merkez'), ('223', '18', 'Çerkeş'), ('224', '18', 'Eldivan'), ('225', '18', 'Ilgaz'), ('226', '18', 'Kurşunlu'), ('227', '18', 'Orta'), ('228', '18', 'Şabanözü'), ('229', '18', 'Yapraklı'), ('230', '18', 'Atkaracalar'), ('231', '18', 'Kızılırmak'), ('232', '18', 'Bayramören'), ('233', '18', 'Korgun'), ('234', '19', 'Alaca'), ('235', '19', 'Bayat / Çorum'), ('236', '19', 'Çorum Merkez'), ('237', '19', 'İskilip'), ('238', '19', 'Kargı'), ('239', '19', 'Mecitözü'), ('240', '19', 'Ortaköy / Çorum'), ('241', '19', 'Osmancık'), ('242', '19', 'Sungurlu'), ('243', '19', 'Boğazkale'), ('244', '19', 'Uğurludağ'), ('245', '19', 'Dodurga'), ('246', '19', 'Laçin'), ('247', '19', 'Oğuzlar'), ('248', '20', 'Acıpayam'), ('249', '20', 'Buldan'), ('250', '20', 'Çal'), ('251', '20', 'Çameli'), ('252', '20', 'Çardak'), ('253', '20', 'Çivril'), ('254', '20', 'Denizli Merkez'), ('255', '20', 'Güney'), ('256', '20', 'Kale / Denizli'), ('257', '20', 'Sarayköy'), ('258', '20', 'Tavas'), ('259', '20', 'Babadağ'), ('260', '20', 'Bekilli'), ('261', '20', 'Honaz'), ('262', '20', 'Serinhisar'), ('263', '20', 'Pamukkale'), ('264', '20', 'Baklan'), ('265', '20', 'Beyağaç'), ('266', '20', 'Bozkurt / Denizli'), ('267', '20', 'Merkezefendi'), ('268', '21', 'Bismil'), ('269', '21', 'Çermik'), ('270', '21', 'Çınar'), ('271', '21', 'Çüngüş'), ('272', '21', 'Dicle'), ('273', '21', 'Diyarbakır Merkez'), ('274', '21', 'Ergani'), ('275', '21', 'Hani'), ('276', '21', 'Hazro'), ('277', '21', 'Kulp'), ('278', '21', 'Lice'), ('279', '21', 'Silvan'), ('280', '21', 'Eğil'), ('281', '21', 'Kocaköy'), ('282', '21', 'Bağlar'), ('283', '21', 'Kayapınar'), ('284', '21', 'Sur'), ('285', '21', 'Yenişehir / Diyarbakır'), ('286', '22', 'Edirne Merkez'), ('287', '22', 'Enez'), ('288', '22', 'Havsa'), ('289', '22', 'İpsala'), ('290', '22', 'Keşan'), ('291', '22', 'Lalapaşa'), ('292', '22', 'Meriç'), ('293', '22', 'Uzunköprü'), ('294', '22', 'Süloğlu'), ('295', '23', 'Ağın'), ('296', '23', 'Baskil'), ('297', '23', 'Elazığ Merkez'), ('298', '23', 'Karakoçan'), ('299', '23', 'Keban'), ('300', '23', 'Maden'), ('301', '23', 'Palu'), ('302', '23', 'Sivrice'), ('303', '23', 'Arıcak'), ('304', '23', 'Kovancılar'), ('305', '23', 'Alacakaya'), ('306', '24', 'Çayırlı'), ('307', '24', 'Erzincan Merkez'), ('308', '24', 'İliç'), ('309', '24', 'Kemah'), ('310', '24', 'Kemaliye'), ('311', '24', 'Refahiye'), ('312', '24', 'Tercan'), ('313', '24', 'Üzümlü'), ('314', '24', 'Otlukbeli'), ('315', '25', 'Aşkale'), ('316', '25', 'Çat'), ('317', '25', 'Erzurum Merkez'), ('318', '25', 'Hınıs'), ('319', '25', 'Horasan'), ('320', '25', 'İspir'), ('321', '25', 'Karayazı'), ('322', '25', 'Narman'), ('323', '25', 'Oltu'), ('324', '25', 'Olur'), ('325', '25', 'Pasinler'), ('326', '25', 'Şenkaya'), ('327', '25', 'Tekman'), ('328', '25', 'Tortum'), ('329', '25', 'Karaçoban'), ('330', '25', 'Uzundere'), ('331', '25', 'Pazaryolu'), ('332', '25', 'Aziziye'), ('333', '25', 'Köprüköy'), ('334', '25', 'Palandöken'), ('335', '25', 'Yakutiye'), ('336', '26', 'Çifteler'), ('337', '26', 'Eskişehir Merkez'), ('338', '26', 'Mahmudiye'), ('339', '26', 'Mihalıççık'), ('340', '26', 'Sarıcakaya'), ('341', '26', 'Seyitgazi'), ('342', '26', 'Sivrihisar'), ('343', '26', 'Alpu'), ('344', '26', 'Beylikova'), ('345', '26', 'İnönü'), ('346', '26', 'Günyüzü'), ('347', '26', 'Han'), ('348', '26', 'Mihalgazi'), ('349', '26', 'Odunpazarı'), ('350', '26', 'Tepebaşı'), ('351', '27', 'Araban'), ('352', '27', 'İslahiye'), ('353', '27', 'Nizip'), ('354', '27', 'Oğuzeli'), ('355', '27', 'Yavuzeli'), ('356', '27', 'Şahinbey'), ('357', '27', 'Şehitkamil'), ('358', '27', 'Karkamış'), ('359', '27', 'Nurdağı'), ('360', '28', 'Alucra'), ('361', '28', 'Bulancak'), ('362', '28', 'Dereli'), ('363', '28', 'Espiye'), ('364', '28', 'Eynesil'), ('365', '28', 'Giresun Merkez'), ('366', '28', 'Görele'), ('367', '28', 'Keşap'), ('368', '28', 'Şebinkarahisar'), ('369', '28', 'Tirebolu'), ('370', '28', 'Piraziz'), ('371', '28', 'Yağlıdere'), ('372', '28', 'Çamoluk'), ('373', '28', 'Çanakçı'), ('374', '28', 'Doğankent'), ('375', '28', 'Güce'), ('376', '29', 'Gümüşhane Merkez'), ('377', '29', 'Kelkit'), ('378', '29', 'Şiran'), ('379', '29', 'Torul'), ('380', '29', 'Köse'), ('381', '29', 'Kürtün'), ('382', '30', 'Çukurca'), ('383', '30', 'Hakkari Merkez'), ('384', '30', 'Şemdinli'), ('385', '30', 'Yüksekova'), ('386', '31', 'Altınözü'), ('387', '31', 'Dörtyol'), ('388', '31', 'Hassa'), ('389', '31', 'Hatay Merkez'), ('390', '31', 'İskenderun'), ('391', '31', 'Kırıkhan'), ('392', '31', 'Reyhanlı'), ('393', '31', 'Samandağ'), ('394', '31', 'Yayladağı'), ('395', '31', 'Erzin'), ('396', '31', 'Belen'), ('397', '31', 'Kumlu'), ('398', '31', 'Antakya'), ('399', '31', 'Arsuz'), ('400', '31', 'Defne'), ('401', '31', 'Payas'), ('402', '32', 'Atabey'), ('403', '32', 'Eğirdir'), ('404', '32', 'Gelendost'), ('405', '32', 'Isparta Merkez'), ('406', '32', 'Keçiborlu'), ('407', '32', 'Senirkent'), ('408', '32', 'Sütçüler'), ('409', '32', 'Şarkikaraağaç'), ('410', '32', 'Uluborlu'), ('411', '32', 'Yalvaç'), ('412', '32', 'Aksu / Isparta'), ('413', '32', 'Gönen / Isparta'), ('414', '32', 'Yenişarbademli'), ('415', '33', 'Anamur'), ('416', '33', 'Erdemli'), ('417', '33', 'Gülnar'), ('418', '33', 'Mersin Merkez'), ('419', '33', 'Mut'), ('420', '33', 'Silifke'), ('421', '33', 'Tarsus'), ('422', '33', 'Aydıncık / Mersin'), ('423', '33', 'Bozyazı'), ('424', '33', 'Çamlıyayla'), ('425', '33', 'Akdeniz'), ('426', '33', 'Mezitli'), ('427', '33', 'Toroslar'), ('428', '33', 'Yenişehir / Mersin'), ('429', '34', 'Adalar'), ('430', '34', 'Bakırköy'), ('431', '34', 'Beşiktaş'), ('432', '34', 'Beykoz'), ('433', '34', 'Beyoğlu'), ('434', '34', 'Çatalca'), ('435', '34', 'Eminönü'), ('436', '34', 'Eyüp'), ('437', '34', 'Fatih'), ('438', '34', 'Gaziosmanpaşa'), ('439', '34', 'Kadıköy'), ('440', '34', 'Kartal'), ('441', '34', 'Sarıyer'), ('442', '34', 'Silivri'), ('443', '34', 'Şile'), ('444', '34', 'Şişli'), ('445', '34', 'Üsküdar'), ('446', '34', 'Zeytinburnu'), ('447', '34', 'Büyükçekmece'), ('448', '34', 'Kağıthane'), ('449', '34', 'Küçükçekmece'), ('450', '34', 'Pendik'), ('451', '34', 'Ümraniye'), ('452', '34', 'Bayrampaşa'), ('453', '34', 'Avcılar'), ('454', '34', 'Bağcılar'), ('455', '34', 'Bahçelievler'), ('456', '34', 'Güngören'), ('457', '34', 'Maltepe'), ('458', '34', 'Sultanbeyli'), ('459', '34', 'Tuzla'), ('460', '34', 'Esenler'), ('461', '34', 'Arnavutköy'), ('462', '34', 'Ataşehir'), ('463', '34', 'Başakşehir'), ('464', '34', 'Beylikdüzü'), ('465', '34', 'Çekmeköy'), ('466', '34', 'Esenyurt'), ('467', '34', 'Sancaktepe'), ('468', '34', 'Sultangazi'), ('469', '35', 'Aliağa'), ('470', '35', 'Bayındır'), ('471', '35', 'Bergama'), ('472', '35', 'Bornova'), ('473', '35', 'Çeşme'), ('474', '35', 'Dikili'), ('475', '35', 'Foça'), ('476', '35', 'Karaburun'), ('477', '35', 'Karşıyaka'), ('478', '35', 'Kemalpaşa'), ('479', '35', 'Kınık'), ('480', '35', 'Kiraz'), ('481', '35', 'Menemen'), ('482', '35', 'Ödemiş'), ('483', '35', 'Seferihisar'), ('484', '35', 'Selçuk'), ('485', '35', 'Tire'), ('486', '35', 'Torbalı'), ('487', '35', 'Urla'), ('488', '35', 'Beydağ'), ('489', '35', 'Buca'), ('490', '35', 'Konak'), ('491', '35', 'Menderes'), ('492', '35', 'Balçova'), ('493', '35', 'Çiğli'), ('494', '35', 'Gaziemir'), ('495', '35', 'Narlıdere'), ('496', '35', 'Güzelbahçe'), ('497', '35', 'Bayraklı'), ('498', '35', 'Karabağlar'), ('499', '36', 'Arpaçay'), ('500', '36', 'Digor'), ('501', '36', 'Kağızman'), ('502', '36', 'Kars Merkez'), ('503', '36', 'Sarıkamış'), ('504', '36', 'Selim'), ('505', '36', 'Susuz'), ('506', '36', 'Akyaka'), ('507', '37', 'Abana'), ('508', '37', 'Araç'), ('509', '37', 'Azdavay'), ('510', '37', 'Bozkurt / Kastamonu'), ('511', '37', 'Cide'), ('512', '37', 'Çatalzeytin'), ('513', '37', 'Daday'), ('514', '37', 'Devrekani'), ('515', '37', 'İnebolu'), ('516', '37', 'Kastamonu Merkez'), ('517', '37', 'Küre'), ('518', '37', 'Taşköprü'), ('519', '37', 'Tosya'), ('520', '37', 'İhsangazi'), ('521', '37', 'Pınarbaşı / Kastamonu'), ('522', '37', 'Şenpazar'), ('523', '37', 'Ağlı'), ('524', '37', 'Doğanyurt'), ('525', '37', 'Hanönü'), ('526', '37', 'Seydiler'), ('527', '38', 'Bünyan'), ('528', '38', 'Develi'), ('529', '38', 'Felahiye'), ('530', '38', 'İncesu'), ('531', '38', 'Pınarbaşı / Kayseri'), ('532', '38', 'Sarıoğlan'), ('533', '38', 'Sarız'), ('534', '38', 'Tomarza'), ('535', '38', 'Yahyalı'), ('536', '38', 'Yeşilhisar'), ('537', '38', 'Akkışla'), ('538', '38', 'Talas'), ('539', '38', 'Kocasinan'), ('540', '38', 'Melikgazi'), ('541', '38', 'Hacılar'), ('542', '38', 'Özvatan'), ('543', '39', 'Babaeski'), ('544', '39', 'Demirköy'), ('545', '39', 'Kırklareli Merkez'), ('546', '39', 'Kofçaz'), ('547', '39', 'Lüleburgaz'), ('548', '39', 'Pehlivanköy'), ('549', '39', 'Pınarhisar'), ('550', '39', 'Vize'), ('551', '40', 'Çiçekdağı'), ('552', '40', 'Kaman'), ('553', '40', 'Kırşehir Merkez'), ('554', '40', 'Mucur'), ('555', '40', 'Akpınar'), ('556', '40', 'Akçakent'), ('557', '40', 'Boztepe'), ('558', '41', 'Gebze'), ('559', '41', 'Gölcük'), ('560', '41', 'Kandıra'), ('561', '41', 'Karamürsel'), ('562', '41', 'Kocaeli Merkez'), ('563', '41', 'Körfez'), ('564', '41', 'Derince'), ('565', '41', 'Başiskele'), ('566', '41', 'Çayırova'), ('567', '41', 'Darıca'), ('568', '41', 'Dilovası'), ('569', '41', 'İzmit'), ('570', '41', 'Kartepe'), ('571', '42', 'Akşehir'), ('572', '42', 'Beyşehir'), ('573', '42', 'Bozkır'), ('574', '42', 'Cihanbeyli'), ('575', '42', 'Çumra'), ('576', '42', 'Doğanhisar'), ('577', '42', 'Ereğli / Konya'), ('578', '42', 'Hadim'), ('579', '42', 'Ilgın'), ('580', '42', 'Kadınhanı'), ('581', '42', 'Karapınar'), ('582', '42', 'Kulu'), ('583', '42', 'Sarayönü'), ('584', '42', 'Seydişehir'), ('585', '42', 'Yunak'), ('586', '42', 'Akören'), ('587', '42', 'Altınekin'), ('588', '42', 'Derebucak'), ('589', '42', 'Hüyük'), ('590', '42', 'Karatay'), ('591', '42', 'Meram'), ('592', '42', 'Selçuklu'), ('593', '42', 'Taşkent'), ('594', '42', 'Ahırlı'), ('595', '42', 'Çeltik'), ('596', '42', 'Derbent'), ('597', '42', 'Emirgazi'), ('598', '42', 'Güneysınır'), ('599', '42', 'Halkapınar'), ('600', '42', 'Tuzlukçu'), ('601', '42', 'Yalıhüyük'), ('602', '43', 'Altıntaş'), ('603', '43', 'Domaniç'), ('604', '43', 'Emet'), ('605', '43', 'Gediz'), ('606', '43', 'Kütahya Merkez'), ('607', '43', 'Simav'), ('608', '43', 'Tavşanlı'), ('609', '43', 'Aslanapa'), ('610', '43', 'Dumlupınar'), ('611', '43', 'Hisarcık'), ('612', '43', 'Şaphane'), ('613', '43', 'Çavdarhisar'), ('614', '43', 'Pazarlar'), ('615', '44', 'Akçadağ'), ('616', '44', 'Arapgir'), ('617', '44', 'Arguvan'), ('618', '44', 'Darende'), ('619', '44', 'Doğanşehir'), ('620', '44', 'Hekimhan'), ('621', '44', 'Malatya Merkez'), ('622', '44', 'Pütürge'), ('623', '44', 'Yeşilyurt / Malatya'), ('624', '44', 'Battalgazi'), ('625', '44', 'Doğanyol'), ('626', '44', 'Kale / Malatya'), ('627', '44', 'Kuluncak'), ('628', '44', 'Yazıhan'), ('629', '45', 'Akhisar'), ('630', '45', 'Alaşehir'), ('631', '45', 'Demirci'), ('632', '45', 'Gördes'), ('633', '45', 'Kırkağaç'), ('634', '45', 'Kula'), ('635', '45', 'Manisa Merkez'), ('636', '45', 'Salihli'), ('637', '45', 'Sarıgöl'), ('638', '45', 'Saruhanlı'), ('639', '45', 'Selendi'), ('640', '45', 'Soma'), ('641', '45', 'Turgutlu'), ('642', '45', 'Ahmetli'), ('643', '45', 'Gölmarmara'), ('644', '45', 'Köprübaşı / Manisa'), ('645', '45', 'Şehzadeler'), ('646', '45', 'Yunusemre'), ('647', '46', 'Afşin'), ('648', '46', 'Andırın'), ('649', '46', 'Elbistan'), ('650', '46', 'Göksun'), ('651', '46', 'Kahramanmaraş Merkez'), ('652', '46', 'Pazarcık'), ('653', '46', 'Türkoğlu'), ('654', '46', 'Çağlayancerit'), ('655', '46', 'Ekinözü'), ('656', '46', 'Nurhak'), ('657', '46', 'Dulkadiroğlu'), ('658', '46', 'Onikişubat'), ('659', '47', 'Derik'), ('660', '47', 'Kızıltepe'), ('661', '47', 'Mardin Merkez'), ('662', '47', 'Mazıdağı'), ('663', '47', 'Midyat'), ('664', '47', 'Nusaybin'), ('665', '47', 'Ömerli'), ('666', '47', 'Savur'), ('667', '47', 'Dargeçit'), ('668', '47', 'Yeşilli'), ('669', '47', 'Artuklu'), ('670', '48', 'Bodrum'), ('671', '48', 'Datça'), ('672', '48', 'Fethiye'), ('673', '48', 'Köyceğiz'), ('674', '48', 'Marmaris'), ('675', '48', 'Milas'), ('676', '48', 'Muğla Merkez'), ('677', '48', 'Ula'), ('678', '48', 'Yatağan'), ('679', '48', 'Dalaman'), ('680', '48', 'Ortaca'), ('681', '48', 'Kavaklıdere'), ('682', '48', 'Menteşe'), ('683', '48', 'Seydikemer'), ('684', '49', 'Bulanık'), ('685', '49', 'Malazgirt'), ('686', '49', 'Muş Merkez'), ('687', '49', 'Varto'), ('688', '49', 'Hasköy'), ('689', '49', 'Korkut'), ('690', '50', 'Avanos'), ('691', '50', 'Derinkuyu'), ('692', '50', 'Gülşehir'), ('693', '50', 'Hacıbektaş'), ('694', '50', 'Kozaklı'), ('695', '50', 'Nevşehir Merkez'), ('696', '50', 'Ürgüp'), ('697', '50', 'Acıgöl'), ('698', '51', 'Bor'), ('699', '51', 'Çamardı'), ('700', '51', 'Niğde Merkez'), ('701', '51', 'Ulukışla'), ('702', '51', 'Altunhisar'), ('703', '51', 'Çiftlik'), ('704', '52', 'Akkuş'), ('705', '52', 'Aybastı'), ('706', '52', 'Fatsa'), ('707', '52', 'Gölköy'), ('708', '52', 'Korgan'), ('709', '52', 'Kumru'), ('710', '52', 'Mesudiye'), ('711', '52', 'Ordu Merkez'), ('712', '52', 'Perşembe'), ('713', '52', 'Ulubey / Ordu'), ('714', '52', 'Ünye'), ('715', '52', 'Gülyalı'), ('716', '52', 'Gürgentepe'), ('717', '52', 'Çamaş'), ('718', '52', 'Çatalpınar'), ('719', '52', 'Çaybaşı'), ('720', '52', 'İkizce'), ('721', '52', 'Kabadüz'), ('722', '52', 'Kabataş'), ('723', '52', 'Altınordu'), ('724', '53', 'Ardeşen'), ('725', '53', 'Çamlıhemşin'), ('726', '53', 'Çayeli'), ('727', '53', 'Fındıklı'), ('728', '53', 'İkizdere'), ('729', '53', 'Kalkandere'), ('730', '53', 'Pazar / Rize'), ('731', '53', 'Rize Merkez'), ('732', '53', 'Güneysu'), ('733', '53', 'Derepazarı'), ('734', '53', 'Hemşin'), ('735', '53', 'İyidere'), ('736', '54', 'Akyazı'), ('737', '54', 'Geyve'), ('738', '54', 'Hendek'), ('739', '54', 'Karasu'), ('740', '54', 'Kaynarca'), ('741', '54', 'Sakarya Merkez'), ('742', '54', 'Sapanca'), ('743', '54', 'Kocaali'), ('744', '54', 'Pamukova'), ('745', '54', 'Taraklı'), ('746', '54', 'Ferizli'), ('747', '54', 'Karapürçek'), ('748', '54', 'Söğütlü'), ('749', '54', 'Adapazarı'), ('750', '54', 'Arifiye'), ('751', '54', 'Erenler'), ('752', '54', 'Serdivan'), ('753', '55', 'Alaçam'), ('754', '55', 'Bafra'), ('755', '55', 'Çarşamba'), ('756', '55', 'Havza'), ('757', '55', 'Kavak'), ('758', '55', 'Ladik'), ('759', '55', 'Samsun Merkez'), ('760', '55', 'Terme'), ('761', '55', 'Vezirköprü'), ('762', '55', 'Asarcık'), ('763', '55', '19 Mayıs'), ('764', '55', 'Salıpazarı'), ('765', '55', 'Tekkeköy'), ('766', '55', 'Ayvacık / Samsun'), ('767', '55', 'Yakakent'), ('768', '55', 'Atakum'), ('769', '55', 'Canik'), ('770', '55', 'İlkadım'), ('771', '56', 'Baykan'), ('772', '56', 'Eruh'), ('773', '56', 'Kurtalan'), ('774', '56', 'Pervari'), ('775', '56', 'Siirt Merkez'), ('776', '56', 'Şirvan'), ('777', '56', 'Tillo'), ('778', '57', 'Ayancık'), ('779', '57', 'Boyabat'), ('780', '57', 'Durağan'), ('781', '57', 'Erfelek'), ('782', '57', 'Gerze'), ('783', '57', 'Sinop Merkez'), ('784', '57', 'Türkeli'), ('785', '57', 'Dikmen'), ('786', '57', 'Saraydüzü'), ('787', '58', 'Divriği'), ('788', '58', 'Gemerek'), ('789', '58', 'Gürün'), ('790', '58', 'Hafik'), ('791', '58', 'İmranlı'), ('792', '58', 'Kangal'), ('793', '58', 'Koyulhisar'), ('794', '58', 'Sivas Merkez'), ('795', '58', 'Suşehri'), ('796', '58', 'Şarkışla'), ('797', '58', 'Yıldızeli'), ('798', '58', 'Zara'), ('799', '58', 'Akıncılar'), ('800', '58', 'Altınyayla / Sivas'), ('801', '58', 'Doğanşar'), ('802', '58', 'Gölova'), ('803', '58', 'Ulaş'), ('804', '59', 'Çerkezköy'), ('805', '59', 'Çorlu'), ('806', '59', 'Hayrabolu'), ('807', '59', 'Malkara'), ('808', '59', 'Muratlı'), ('809', '59', 'Saray / Tekirdağ'), ('810', '59', 'Şarköy'), ('811', '59', 'Tekirdağ Merkez'), ('812', '59', 'Marmaraereğlisi'), ('813', '59', 'Ergene'), ('814', '59', 'Kapaklı'), ('815', '59', 'Süleymanpaşa'), ('816', '60', 'Almus'), ('817', '60', 'Artova'), ('818', '60', 'Erbaa'), ('819', '60', 'Niksar'), ('820', '60', 'Reşadiye'), ('821', '60', 'Tokat Merkez'), ('822', '60', 'Turhal'), ('823', '60', 'Zile'), ('824', '60', 'Pazar / Tokat'), ('825', '60', 'Yeşilyurt / Tokat'), ('826', '60', 'Başçiftlik'), ('827', '60', 'Sulusaray'), ('828', '61', 'Akçaabat'), ('829', '61', 'Araklı'), ('830', '61', 'Arsin'), ('831', '61', 'Çaykara'), ('832', '61', 'Maçka'), ('833', '61', 'Of'), ('834', '61', 'Sürmene'), ('835', '61', 'Tonya'), ('836', '61', 'Trabzon Merkez'), ('837', '61', 'Vakfıkebir'), ('838', '61', 'Yomra'), ('839', '61', 'Beşikdüzü'), ('840', '61', 'Şalpazarı'), ('841', '61', 'Çarşıbaşı'), ('842', '61', 'Dernekpazarı'), ('843', '61', 'Düzköy'), ('844', '61', 'Hayrat'), ('845', '61', 'Köprübaşı / Trabzon'), ('846', '61', 'Ortahisar'), ('847', '62', 'Çemişgezek'), ('848', '62', 'Hozat'), ('849', '62', 'Mazgirt'), ('850', '62', 'Nazımiye'), ('851', '62', 'Ovacık / Tunceli'), ('852', '62', 'Pertek'), ('853', '62', 'Pülümür'), ('854', '62', 'Tunceli Merkez'), ('855', '63', 'Akçakale'), ('856', '63', 'Birecik'), ('857', '63', 'Bozova'), ('858', '63', 'Ceylanpınar'), ('859', '63', 'Halfeti'), ('860', '63', 'Hilvan'), ('861', '63', 'Siverek'), ('862', '63', 'Suruç'), ('863', '63', 'Şanlıurfa Merkez'), ('864', '63', 'Viranşehir'), ('865', '63', 'Harran'), ('866', '63', 'Eyyübiye'), ('867', '63', 'Haliliye'), ('868', '63', 'Karaköprü'), ('869', '64', 'Banaz'), ('870', '64', 'Eşme'), ('871', '64', 'Karahallı'), ('872', '64', 'Sivaslı'), ('873', '64', 'Ulubey / Uşak'), ('874', '64', 'Uşak Merkez'), ('875', '65', 'Başkale'), ('876', '65', 'Çatak'), ('877', '65', 'Erciş'), ('878', '65', 'Gevaş'), ('879', '65', 'Gürpınar'), ('880', '65', 'Muradiye'), ('881', '65', 'Özalp'), ('882', '65', 'Van Merkez'), ('883', '65', 'Bahçesaray'), ('884', '65', 'Çaldıran'), ('885', '65', 'Edremit / Van'), ('886', '65', 'Saray / Van'), ('887', '65', 'İpekyolu'), ('888', '65', 'Tuşba'), ('889', '66', 'Akdağmadeni'), ('890', '66', 'Boğazlıyan'), ('891', '66', 'Çayıralan'), ('892', '66', 'Çekerek'), ('893', '66', 'Sarıkaya'), ('894', '66', 'Sorgun'), ('895', '66', 'Şefaatli'), ('896', '66', 'Yerköy'), ('897', '66', 'Yozgat Merkez'), ('898', '66', 'Aydıncık / Yozgat'), ('899', '66', 'Çandır'), ('900', '66', 'Kadışehri'), ('901', '66', 'Saraykent'), ('902', '66', 'Yenifakılı'), ('903', '67', 'Çaycuma'), ('904', '67', 'Devrek'), ('905', '67', 'Ereğli / Zonguldak'), ('906', '67', 'Zonguldak Merkez'), ('907', '67', 'Alaplı'), ('908', '67', 'Gökçebey'), ('909', '67', 'Kilimli'), ('910', '67', 'Kozlu'), ('911', '68', 'Aksaray Merkez'), ('912', '68', 'Ortaköy / Aksaray'), ('913', '68', 'Ağaçören'), ('914', '68', 'Güzelyurt'), ('915', '68', 'Sarıyahşi'), ('916', '68', 'Eskil'), ('917', '68', 'Gülağaç'), ('918', '69', 'Bayburt Merkez'), ('919', '69', 'Aydıntepe'), ('920', '69', 'Demirözü'), ('921', '70', 'Ermenek'), ('922', '70', 'Karaman Merkez'), ('923', '70', 'Ayrancı'), ('924', '70', 'Kazımkarabekir'), ('925', '70', 'Başyayla'), ('926', '70', 'Sarıveliler'), ('927', '71', 'Delice'), ('928', '71', 'Keskin'), ('929', '71', 'Kırıkkale Merkez'), ('930', '71', 'Sulakyurt'), ('931', '71', 'Bahşili'), ('932', '71', 'Balışeyh'), ('933', '71', 'Çelebi'), ('934', '71', 'Karakeçili'), ('935', '71', 'Yahşihan'), ('936', '72', 'Batman Merkez'), ('937', '72', 'Beşiri'), ('938', '72', 'Gercüş'), ('939', '72', 'Kozluk'), ('940', '72', 'Sason'), ('941', '72', 'Hasankeyf'), ('942', '73', 'Beytüşşebap'), ('943', '73', 'Cizre'), ('944', '73', 'İdil'), ('945', '73', 'Silopi'), ('946', '73', 'Şırnak Merkez'), ('947', '73', 'Uludere'), ('948', '73', 'Güçlükonak'), ('949', '74', 'Bartın Merkez'), ('950', '74', 'Kurucaşile'), ('951', '74', 'Ulus'), ('952', '74', 'Amasra'), ('953', '75', 'Ardahan Merkez'), ('954', '75', 'Çıldır'), ('955', '75', 'Göle'), ('956', '75', 'Hanak'), ('957', '75', 'Posof'), ('958', '75', 'Damal'), ('959', '76', 'Aralık'), ('960', '76', 'Iğdır Merkez'), ('961', '76', 'Tuzluca'), ('962', '76', 'Karakoyunlu'), ('963', '77', 'Yalova Merkez'), ('964', '77', 'Altınova'), ('965', '77', 'Armutlu'), ('966', '77', 'Çınarcık'), ('967', '77', 'Çiftlikköy'), ('968', '77', 'Termal'), ('969', '78', 'Eflani'), ('970', '78', 'Eskipazar'), ('971', '78', 'Karabük Merkez'), ('972', '78', 'Ovacık / Karabük'), ('973', '78', 'Safranbolu'), ('974', '78', 'Yenice / Karabük'), ('975', '79', 'Kilis Merkez'), ('976', '79', 'Elbeyli'), ('977', '79', 'Musabeyli'), ('978', '79', 'Polateli'), ('979', '80', 'Bahçe'), ('980', '80', 'Kadirli'), ('981', '80', 'Osmaniye Merkez'), ('982', '80', 'Düziçi'), ('983', '80', 'Hasanbeyli'), ('984', '80', 'Sumbas'), ('985', '80', 'Toprakkale'), ('986', '81', 'Akçakoca'), ('987', '81', 'Düzce Merkez'), ('988', '81', 'Yığılca'), ('989', '81', 'Cumayeri'), ('990', '81', 'Gölyaka'), ('991', '81', 'Çilimli'), ('992', '81', 'Gümüşova'), ('993', '81', 'Kaynaşlı');
COMMIT;

-- ----------------------------
--  Table structure for `failed_jobs`
-- ----------------------------
DROP TABLE IF EXISTS `failed_jobs`;
CREATE TABLE `failed_jobs` (
  `id` int(10) unsigned NOT NULL AUTO_INCREMENT,
  `connection` text COLLATE utf8_unicode_ci NOT NULL,
  `queue` text COLLATE utf8_unicode_ci NOT NULL,
  `payload` longtext COLLATE utf8_unicode_ci NOT NULL,
  `exception` longtext COLLATE utf8_unicode_ci NOT NULL,
  `failed_at` timestamp NOT NULL DEFAULT CURRENT_TIMESTAMP,
  PRIMARY KEY (`id`)
) ENGINE=InnoDB DEFAULT CHARSET=utf8 COLLATE=utf8_unicode_ci;

-- ----------------------------
--  Table structure for `files`
-- ----------------------------
DROP TABLE IF EXISTS `files`;
CREATE TABLE `files` (
  `id` int(10) unsigned NOT NULL AUTO_INCREMENT,
  `name` varchar(255) COLLATE utf8_unicode_ci NOT NULL,
  `mime` varchar(255) COLLATE utf8_unicode_ci NOT NULL,
  `extension` varchar(255) COLLATE utf8_unicode_ci NOT NULL,
  `size` varchar(255) COLLATE utf8_unicode_ci NOT NULL,
  `path` varchar(255) COLLATE utf8_unicode_ci NOT NULL,
  `created_at` timestamp NULL DEFAULT NULL,
  `updated_at` timestamp NULL DEFAULT NULL,
  `source_id` int(11) DEFAULT NULL,
  `source_type` varchar(255) COLLATE utf8_unicode_ci DEFAULT NULL,
  `list_id` int(11) DEFAULT '0',
  `active` int(11) NOT NULL DEFAULT '1',
  `thumb_path` varchar(255) COLLATE utf8_unicode_ci DEFAULT NULL,
  PRIMARY KEY (`id`),
  KEY `files_name_index` (`name`),
  KEY `files_path_index` (`path`),
  KEY `files_source_id_index` (`source_id`),
  KEY `files_source_type_index` (`source_type`),
  KEY `files_active_index` (`active`)
) ENGINE=InnoDB AUTO_INCREMENT=54 DEFAULT CHARSET=utf8 COLLATE=utf8_unicode_ci;

-- ----------------------------
--  Records of `files`
-- ----------------------------
BEGIN;
INSERT INTO `files` VALUES ('1', 'baslik-58b1f96ac8f81.jpeg', 'image/jpeg', 'jpeg', '986463', 'photos/', '2017-02-25 21:38:51', '2017-02-25 21:38:51', null, 'slide', '0', '1', 'photos/thumbs/'), ('2', 'baslik-58b1fa2e3bffc.jpeg', 'image/jpeg', 'jpeg', '986463', 'photos/', '2017-02-25 21:42:06', '2017-02-25 21:42:06', null, 'slide', '0', '1', 'photos/thumbs/'), ('3', '1-58b1fc6aec7a9.jpeg', 'image/jpeg', 'jpeg', '1093793', 'photos/', '2017-02-25 21:51:39', '2017-02-25 21:51:39', null, 'slide', '0', '1', 'photos/thumbs/'), ('4', 'slide-4-58b1ffda96637.jpeg', 'image/jpeg', 'jpeg', '1005618', 'photos/', '2017-02-25 22:06:18', '2017-02-25 22:06:18', null, 'slide', '0', '1', 'photos/thumbs/'), ('5', 'hizmet-58b20222c242d.png', 'image/png', 'png', '1339137', 'photos/', '2017-02-25 22:16:03', '2017-02-25 22:16:03', null, 'articles', '0', '1', 'photos/thumbs/'), ('6', 'hizmet-58b2022d41fc2.png', 'image/png', 'png', '654357', 'photos/', '2017-02-25 22:16:13', '2017-02-25 22:16:13', null, 'articles', '0', '1', 'photos/thumbs/'), ('7', 'ihracat-58b2023ac3180.png', 'image/png', 'png', '1339137', 'photos/', '2017-02-25 22:16:27', '2017-02-25 22:16:27', null, 'articles', '0', '1', 'photos/thumbs/'), ('8', 'kargo-58b20280522a5.png', 'image/png', 'png', '693629', 'photos/', '2017-02-25 22:17:36', '2017-02-25 22:17:36', null, 'articles', '0', '1', 'photos/thumbs/'), ('9', 'haber-1-58b217dd16946.png', 'image/png', 'png', '684046', 'photos/', '2017-02-25 23:48:45', '2017-02-25 23:48:45', null, 'articles', '0', '1', 'photos/thumbs/'), ('10', 'haber-2-58b2188cc12ad.png', 'image/png', 'png', '693629', 'photos/', '2017-02-25 23:51:41', '2017-02-25 23:51:41', null, 'articles', '0', '1', 'photos/thumbs/'), ('11', 'haber-3-58b21897410f4.png', 'image/png', 'png', '654357', 'photos/', '2017-02-25 23:51:51', '2017-02-25 23:51:51', null, 'articles', '0', '1', 'photos/thumbs/'), ('12', 'ref1-58b21c6549557.jpeg', 'image/jpeg', 'jpeg', '24943', 'photos/', '2017-02-26 00:08:05', '2017-02-26 00:08:05', null, 'articles', '0', '1', 'photos/thumbs/'), ('13', 'ref2-58b21cee9637f.png', 'image/png', 'png', '7569', 'photos/', '2017-02-26 00:10:23', '2017-02-26 00:10:23', null, 'articles', '0', '1', 'photos/thumbs/'), ('14', 'ref2-58b21d2971aa2.jpeg', 'image/jpeg', 'jpeg', '17358', 'photos/', '2017-02-26 00:11:21', '2017-02-26 00:11:21', null, 'articles', '0', '1', 'photos/thumbs/'), ('15', 'ref3-58b21d6152bc1.jpeg', 'image/jpeg', 'jpeg', '21301', 'photos/', '2017-02-26 00:12:17', '2017-02-26 00:12:17', null, 'articles', '0', '1', 'photos/thumbs/'), ('16', 'ref4-58b21e0e4246f.jpeg', 'image/jpeg', 'jpeg', '18574', 'photos/', '2017-02-26 00:15:10', '2017-02-26 00:15:10', null, 'articles', '0', '1', 'photos/thumbs/'), ('17', 'ref5-58b21e4221fd2.jpeg', 'image/jpeg', 'jpeg', '22040', 'photos/', '2017-02-26 00:16:02', '2017-02-26 00:16:02', null, 'articles', '0', '1', 'photos/thumbs/'), ('18', 'ref6-58b21e9e3a84c.jpeg', 'image/jpeg', 'jpeg', '18606', 'photos/', '2017-02-26 00:17:34', '2017-02-26 00:17:34', null, 'articles', '0', '1', 'photos/thumbs/'), ('19', 'ref7-58b21eda39f93.jpeg', 'image/jpeg', 'jpeg', '21956', 'photos/', '2017-02-26 00:18:34', '2017-02-26 00:18:34', null, 'articles', '0', '1', 'photos/thumbs/'), ('20', 'lojistik-58bf0a338232e.png', 'image/png', 'png', '302885', 'photos/', '2017-03-07 19:29:55', '2017-03-07 19:29:55', null, 'articles', '0', '1', 'photos/thumbs/'), ('21', 'turizm-58bf0a5317816.png', 'image/png', 'png', '746453', 'photos/', '2017-03-07 19:30:27', '2017-03-07 19:30:27', null, 'articles', '0', '1', 'photos/thumbs/'), ('22', 'vizyon-misyon-58bf1fb38a5d6.png', 'image/png', 'png', '335189', 'photos/', '2017-03-07 21:01:39', '2017-03-07 21:01:39', null, 'articles', '0', '1', 'photos/thumbs/'), ('23', 'insan-kaynaklari-58bf1ff31fd71.png', 'image/png', 'png', '335189', 'photos/', '2017-03-07 21:02:43', '2017-03-07 21:02:43', null, 'articles', '0', '1', 'photos/thumbs/'), ('24', 'vizyon-misyon-58bf20281987d.png', 'image/png', 'png', '188006', 'photos/', '2017-03-07 21:03:36', '2017-03-07 21:03:36', null, 'articles', '0', '1', 'photos/thumbs/'), ('25', 'hakkimizda-58bf21bb2f134.png', 'image/png', 'png', '783780', 'photos/', '2017-03-07 21:10:19', '2017-03-07 21:10:19', null, 'articles', '0', '1', 'photos/thumbs/'), ('26', 'screen-shot-2017-03-08-at-00-58bf2a547eac3.png', 'image/png', 'png', '853080', 'photos/', '2017-03-07 21:47:00', '2017-03-07 21:47:00', null, 'products', '0', '1', 'photos/thumbs/'), ('27', 'screen-shot-2017-03-08-at-00-58bf2bcf1dba2.png', 'image/png', 'png', '853080', 'photos/', '2017-03-07 21:53:19', '2017-03-07 21:53:19', null, 'products', '0', '1', 'photos/thumbs/'), ('28', 'screen-shot-2017-03-08-at-00-58bf2bd789a86.png', 'image/png', 'png', '853080', 'photos/', '2017-03-07 21:53:27', '2017-03-07 21:53:27', null, 'products', '0', '1', 'photos/thumbs/'), ('29', 'screen-shot-2017-03-08-at-00-58bf2bdc10db5.png', 'image/png', 'png', '853080', 'photos/', '2017-03-07 21:53:32', '2017-03-07 21:53:32', null, 'products', '0', '1', 'photos/thumbs/'), ('30', 'screen-shot-2017-03-08-at-00-58bf2be47af4e.png', 'image/png', 'png', '853080', 'photos/', '2017-03-07 21:53:40', '2017-03-07 21:53:40', null, 'products', '0', '1', 'photos/thumbs/'), ('31', 'screen-shot-2017-03-08-at-00-58bf2bfa54a74.png', 'image/png', 'png', '853080', 'photos/', '2017-03-07 21:54:02', '2017-03-07 21:54:02', null, 'products', '0', '1', 'photos/thumbs/'), ('32', 'screen-shot-2017-03-08-at-00-58bf2c05c6c0f.png', 'image/png', 'png', '853080', 'photos/', '2017-03-07 21:54:13', '2017-03-07 21:54:13', null, 'products', '0', '1', 'photos/thumbs/'), ('33', 'screen-shot-2017-03-08-at-00-58bf2c795d0a3.png', 'image/png', 'png', '881283', 'photos/', '2017-03-07 21:56:09', '2017-03-07 21:56:09', null, 'products', '0', '1', 'photos/thumbs/'), ('34', 'screen-shot-2017-03-08-at-00-58bf2ca9898e3.png', 'image/png', 'png', '464216', 'photos/', '2017-03-07 21:56:57', '2017-03-07 21:56:57', null, 'products', '0', '1', 'photos/thumbs/'), ('35', 'screen-shot-2017-03-08-at-00-58bf2cd8bb4a0.png', 'image/png', 'png', '487453', 'photos/', '2017-03-07 21:57:44', '2017-03-07 21:57:44', null, 'products', '0', '1', 'photos/thumbs/'), ('36', 'test-58c07938d25f4.png', 'image/png', 'png', '541564', 'photos/', '2017-03-08 21:35:53', '2017-03-08 21:35:53', null, 'articles', '0', '1', 'photos/thumbs/'), ('37', 'diger-haber-basligi-da-buraya-58c08662d5447.png', 'image/png', 'png', '541564', 'photos/', '2017-03-08 22:32:03', '2017-03-08 22:32:03', null, 'articles', '0', '1', 'photos/thumbs/'), ('38', 'haber-basligi-buraya-58c0866aaa58a.png', 'image/png', 'png', '541564', 'photos/', '2017-03-08 22:32:10', '2017-03-08 22:32:10', null, 'articles', '0', '1', 'photos/thumbs/'), ('39', 'lokasyonlarimiz-58c1e1bf4e87d.jpeg', 'image/jpeg', 'jpeg', '74771', 'photos/', '2017-03-09 23:14:07', '2017-03-09 23:14:07', null, 'articles', '0', '1', 'photos/thumbs/'), ('40', 'slide-1-58c872967a6db.jpeg', 'image/jpeg', 'jpeg', '280017', 'photos/', '2017-03-14 22:45:42', '2017-03-14 22:45:42', null, 'slide', '0', '1', 'photos/thumbs/'), ('41', 'slide-ar-58c872a15ce58.jpeg', 'image/jpeg', 'jpeg', '280017', 'photos/', '2017-03-14 22:45:53', '2017-03-14 22:45:53', null, 'slide', '0', '1', 'photos/thumbs/'), ('42', 'tourism-58c879c7b7d44.png', 'image/png', 'png', '156347', 'photos/', '2017-03-14 23:16:23', '2017-03-14 23:16:23', null, 'articles', '0', '1', 'photos/thumbs/'), ('43', 'kargo-58c879cc67756.png', 'image/png', 'png', '123940', 'photos/', '2017-03-14 23:16:28', '2017-03-14 23:16:28', null, 'articles', '0', '1', 'photos/thumbs/'), ('44', 'export-58c879d1cf2c0.png', 'image/png', 'png', '123055', 'photos/', '2017-03-14 23:16:33', '2017-03-14 23:16:33', null, 'articles', '0', '1', 'photos/thumbs/'), ('45', 'logistics-58c879d69c575.png', 'image/png', 'png', '161840', 'photos/', '2017-03-14 23:16:38', '2017-03-14 23:16:38', null, 'articles', '0', '1', 'photos/thumbs/'), ('46', 'services-58c879edce3d4.png', 'image/png', 'png', '123055', 'photos/', '2017-03-14 23:17:01', '2017-03-14 23:17:01', null, 'articles', '0', '1', 'photos/thumbs/'), ('47', 'syah-58c9a3e90b5f4.png', 'image/png', 'png', '167545', 'photos/', '2017-03-15 20:28:25', '2017-03-15 20:28:25', null, 'articles', '0', '1', 'photos/thumbs/'), ('48', 'tsdyr-58c9a40c3102d.png', 'image/png', 'png', '591592', 'photos/', '2017-03-15 20:29:00', '2017-03-15 20:29:00', null, 'articles', '0', '1', 'photos/thumbs/'), ('49', 'hmol-58c9a414c3502.png', 'image/png', 'png', '161840', 'photos/', '2017-03-15 20:29:08', '2017-03-15 20:29:08', null, 'articles', '0', '1', 'photos/thumbs/'), ('50', 'alkhdmat-allojsty-58c9a42be9746.jpeg', 'image/jpeg', 'jpeg', '280017', 'photos/', '2017-03-15 20:29:32', '2017-03-15 20:29:32', null, 'articles', '0', '1', 'photos/thumbs/'), ('51', 'screen-shot-2017-03-08-at-00-58bf2cd8bb4a0-58c9ac5e1556b.png', 'image/png', 'png', '169123', 'photos/', '2017-03-15 21:04:30', '2017-03-15 21:04:30', null, 'products', '0', '1', 'photos/thumbs/'), ('52', 'khdm-58c9b97048fd2.png', 'image/png', 'png', '123055', 'photos/', '2017-03-15 22:00:16', '2017-03-15 22:00:16', null, 'articles', '0', '1', 'photos/thumbs/'), ('53', 'syah-58c9b9946c05a.png', 'image/png', 'png', '123055', 'photos/', '2017-03-15 22:00:52', '2017-03-15 22:00:52', null, 'articles', '0', '1', 'photos/thumbs/');
COMMIT;

-- ----------------------------
--  Table structure for `files_relations`
-- ----------------------------
DROP TABLE IF EXISTS `files_relations`;
CREATE TABLE `files_relations` (
  `id` int(10) unsigned NOT NULL AUTO_INCREMENT,
  `file_id` int(11) DEFAULT NULL,
  `file_type` varchar(255) COLLATE utf8_unicode_ci DEFAULT NULL,
  `source_id` int(11) DEFAULT NULL,
  `source_type` varchar(255) COLLATE utf8_unicode_ci DEFAULT NULL,
  `list_id` int(11) DEFAULT NULL,
  `active` int(11) DEFAULT NULL,
  `showcase` int(11) DEFAULT NULL,
  `created_at` timestamp NULL DEFAULT NULL,
  `updated_at` timestamp NULL DEFAULT NULL,
  PRIMARY KEY (`id`)
) ENGINE=InnoDB AUTO_INCREMENT=49 DEFAULT CHARSET=utf8 COLLATE=utf8_unicode_ci;

-- ----------------------------
--  Records of `files_relations`
-- ----------------------------
BEGIN;
INSERT INTO `files_relations` VALUES ('2', '6', null, '3', 'articles', null, null, null, null, null), ('3', '7', null, '2', 'articles', null, null, null, null, null), ('4', '8', null, '1', 'articles', null, null, null, null, null), ('5', '9', null, '4', 'articles', null, null, null, null, null), ('6', '10', null, '5', 'articles', null, null, null, null, null), ('7', '11', null, '6', 'articles', null, null, null, null, null), ('8', '12', null, '7', 'articles', null, null, null, null, null), ('10', '14', null, '8', 'articles', null, null, null, null, null), ('11', '15', null, '9', 'articles', null, null, null, null, null), ('12', '16', null, '10', 'articles', null, null, null, null, null), ('13', '17', null, '11', 'articles', null, null, null, null, null), ('14', '18', null, '12', 'articles', null, null, null, null, null), ('15', '19', null, '13', 'articles', null, null, null, null, null), ('16', '20', null, '14', 'articles', null, null, null, null, null), ('17', '21', null, '15', 'articles', null, null, null, null, null), ('19', '23', null, '18', 'articles', null, null, null, null, null), ('20', '24', null, '17', 'articles', null, null, null, null, null), ('21', '25', null, '16', 'articles', null, null, null, null, null), ('22', '26', null, '4', 'products', null, null, '1', null, null), ('24', '28', null, '2', 'products', null, null, null, null, null), ('25', '29', null, '2', 'products', null, null, null, null, null), ('28', '32', null, '6', 'products', null, null, null, null, null), ('29', '33', null, '5', 'products', null, null, null, null, null), ('30', '34', null, '3', 'products', null, null, null, null, null), ('31', '35', null, '1', 'products', null, null, null, null, null), ('32', '36', null, '19', 'articles', null, null, null, null, null), ('33', '37', null, '21', 'articles', null, null, null, null, null), ('34', '38', null, '20', 'articles', null, null, null, null, null), ('35', '39', null, '22', 'articles', null, null, null, null, null), ('36', '42', null, '27', 'articles', null, null, null, null, null), ('37', '43', null, '26', 'articles', null, null, null, null, null), ('38', '44', null, '24', 'articles', null, null, null, null, null), ('39', '45', null, '23', 'articles', null, null, null, null, null), ('40', '46', null, '25', 'articles', null, null, null, null, null), ('41', '21', null, '38', null, null, null, null, null, null), ('42', '47', null, '37', 'articles', null, null, null, null, null), ('43', '48', null, '36', 'articles', null, null, null, null, null), ('44', '49', null, '35', 'articles', null, null, null, null, null), ('45', '50', null, '34', 'articles', null, null, null, null, null), ('46', '51', null, '7', 'products', null, null, null, null, null), ('47', '52', null, '39', 'articles', null, null, '1', null, null), ('48', '53', null, '38', 'articles', null, null, null, null, null);
COMMIT;

-- ----------------------------
--  Table structure for `forms`
-- ----------------------------
DROP TABLE IF EXISTS `forms`;
CREATE TABLE `forms` (
  `id` int(10) unsigned NOT NULL AUTO_INCREMENT,
  `name` varchar(255) COLLATE utf8_unicode_ci NOT NULL,
  `email` varchar(255) COLLATE utf8_unicode_ci DEFAULT NULL,
  `phone` varchar(255) COLLATE utf8_unicode_ci DEFAULT NULL,
  `subject` varchar(255) COLLATE utf8_unicode_ci DEFAULT NULL,
  `message` varchar(255) COLLATE utf8_unicode_ci DEFAULT NULL,
  `type` int(10) unsigned NOT NULL,
  `list_id` int(11) DEFAULT NULL,
  `active` int(11) DEFAULT NULL,
  `created_at` timestamp NULL DEFAULT NULL,
  `updated_at` timestamp NULL DEFAULT NULL,
  `city` varchar(255) COLLATE utf8_unicode_ci DEFAULT NULL,
  `district` varchar(255) COLLATE utf8_unicode_ci DEFAULT NULL,
  `notes` longtext COLLATE utf8_unicode_ci,
  PRIMARY KEY (`id`),
  KEY `forms_type_index` (`type`)
) ENGINE=InnoDB AUTO_INCREMENT=51 DEFAULT CHARSET=utf8 COLLATE=utf8_unicode_ci;

-- ----------------------------
--  Records of `forms`
-- ----------------------------
BEGIN;
INSERT INTO `forms` VALUES ('1', 'cüneyd tural', 'turalcuneyd@gmail.com', null, null, 'test', '2', null, null, '2017-03-08 23:41:17', '2017-03-08 23:41:17', null, null, null), ('2', 'cc tt', 'ct@ct.com', null, null, 'mesage', '2', null, null, '2017-03-08 23:44:33', '2017-03-08 23:44:33', null, null, null), ('3', 'cc tt', 'ct@ct.com', null, null, 'mesage', '2', null, null, '2017-03-08 23:44:35', '2017-03-08 23:44:35', null, null, null), ('4', 'cc tt', 'ct@ct.com', null, null, 'mesage', '2', null, null, '2017-03-08 23:44:36', '2017-03-08 23:44:36', null, null, null), ('5', 'das dasd', 'alive@gmail.com', null, null, 'test', '2', null, null, '2017-03-08 23:45:23', '2017-03-08 23:45:23', null, null, null), ('6', 'das dasd', 'alive@gmail.com', null, null, 'test', '2', null, null, '2017-03-08 23:45:25', '2017-03-08 23:45:25', null, null, null), ('7', 'das dasd', 'alive@gmail.com', null, null, 'test', '2', null, null, '2017-03-08 23:45:25', '2017-03-08 23:45:25', null, null, null), ('8', 'das dasd', 'alive@gmail.com', null, null, 'test', '2', null, null, '2017-03-08 23:45:25', '2017-03-08 23:45:25', null, null, null), ('9', 'das dasd', 'alive@gmail.com', null, null, 'test', '2', null, null, '2017-03-08 23:45:26', '2017-03-08 23:45:26', null, null, null), ('10', 'das dasd', 'alive@gmail.com', null, null, 'test', '2', null, null, '2017-03-08 23:45:26', '2017-03-08 23:45:26', null, null, null), ('11', 'das dasd', 'alive@gmail.com', null, null, 'test', '2', null, null, '2017-03-08 23:45:26', '2017-03-08 23:45:26', null, null, null), ('12', 'das dasd', 'alive@gmail.com', null, null, 'test', '2', null, null, '2017-03-08 23:45:26', '2017-03-08 23:45:26', null, null, null), ('13', 'das dasd', 'alive@gmail.com', null, null, 'test', '2', null, null, '2017-03-08 23:45:27', '2017-03-08 23:45:27', null, null, null), ('14', 'das dasd', 'alive@gmail.com', null, null, 'test', '2', null, null, '2017-03-08 23:45:27', '2017-03-08 23:45:27', null, null, null), ('15', 'das dasd', 'alive@gmail.com', null, null, 'test', '2', null, null, '2017-03-08 23:45:27', '2017-03-08 23:45:27', null, null, null), ('16', 'das dasd', 'alive@gmail.com', null, null, 'test', '2', null, null, '2017-03-08 23:45:27', '2017-03-08 23:45:27', null, null, null), ('17', 'das dasd', 'alive@gmail.com', null, null, 'test', '2', null, null, '2017-03-08 23:45:27', '2017-03-08 23:45:27', null, null, null), ('18', 'das dasd', 'alive@gmail.com', null, null, 'test', '2', null, null, '2017-03-08 23:45:27', '2017-03-08 23:45:27', null, null, null), ('19', 'das dasd', 'alive@gmail.com', null, null, 'test', '2', null, null, '2017-03-08 23:45:27', '2017-03-08 23:45:27', null, null, null), ('20', 'das dasd', 'alive@gmail.com', null, null, 'test', '2', null, null, '2017-03-08 23:45:27', '2017-03-08 23:45:27', null, null, null), ('21', 'das dasd', 'alive@gmail.com', null, null, 'test', '2', null, null, '2017-03-08 23:45:27', '2017-03-08 23:45:27', null, null, null), ('22', 'cüneudt tural', 'turalcuneyd@gmail.com', null, null, 'mesaj', '2', null, null, '2017-03-09 22:30:23', '2017-03-09 22:30:23', null, null, null), ('23', 'cüneudt tural', 'turalcuneyd@gmail.com', null, null, 'mesaj', '2', null, null, '2017-03-09 22:30:33', '2017-03-09 22:30:33', null, null, null), ('24', 'asd asdasdas', 'turalcuneyd@gmail.com', null, null, 'test', '2', null, null, '2017-03-09 22:31:27', '2017-03-09 22:31:27', null, null, null), ('25', 'asd asdasdas', 'turalcuneyd@gmail.com', null, null, 'test', '2', null, null, '2017-03-09 22:31:30', '2017-03-09 22:31:30', null, null, null), ('26', 'asd asdasdas', 'turalcuneyd@gmail.com', null, null, 'test', '2', null, null, '2017-03-09 22:31:30', '2017-03-09 22:31:30', null, null, null), ('27', 'asd asdasdas', 'turalcuneyd@gmail.com', null, null, 'test', '2', null, null, '2017-03-09 22:31:31', '2017-03-09 22:31:31', null, null, null), ('28', 'asd asdasdas', 'turalcuneyd@gmail.com', null, null, 'test', '2', null, null, '2017-03-09 22:31:31', '2017-03-09 22:31:31', null, null, null), ('29', 'asd asdasdas', 'turalcuneyd@gmail.com', null, null, 'test', '2', null, null, '2017-03-09 22:31:31', '2017-03-09 22:31:31', null, null, null), ('30', 'asd asdasdas', 'turalcuneyd@gmail.com', null, null, 'test', '2', null, null, '2017-03-09 22:31:31', '2017-03-09 22:31:31', null, null, null), ('31', 'tur asdasdas', 'turalcuneyd@gmail.com', null, null, 'asdasda', '2', null, null, '2017-03-09 22:32:08', '2017-03-09 22:32:08', null, null, null), ('32', 'tur asdasdas', 'turalcuneyd@gmail.com', null, null, 'asdasda', '2', null, null, '2017-03-09 22:32:09', '2017-03-09 22:32:09', null, null, null), ('33', 'tur asdasdas', 'turalcuneyd@gmail.com', null, null, 'asdasda', '2', null, null, '2017-03-09 22:32:09', '2017-03-09 22:32:09', null, null, null), ('34', 'tur asdasdas', 'turalcuneyd@gmail.com', null, null, 'asdasda', '2', null, null, '2017-03-09 22:32:10', '2017-03-09 22:32:10', null, null, null), ('35', 'tur asdasdas', 'turalcuneyd@gmail.com', null, null, 'asdasda', '2', null, null, '2017-03-09 22:32:10', '2017-03-09 22:32:10', null, null, null), ('36', 'tur asdasdas', 'turalcuneyd@gmail.com', null, null, 'asdasda', '2', null, null, '2017-03-09 22:32:10', '2017-03-09 22:32:10', null, null, null), ('37', 'tur asdasdas', 'turalcuneyd@gmail.com', null, null, 'asdasda', '2', null, null, '2017-03-09 22:32:10', '2017-03-09 22:32:10', null, null, null), ('38', 'tur asdasdas', 'turalcuneyd@gmail.com', null, null, 'asdasda', '2', null, null, '2017-03-09 22:32:10', '2017-03-09 22:32:10', null, null, null), ('39', 'tur asdasdas', 'turalcuneyd@gmail.com', null, null, 'asdasda', '2', null, null, '2017-03-09 22:32:11', '2017-03-09 22:32:11', null, null, null), ('40', 'tur asdasdas', 'turalcuneyd@gmail.com', null, null, 'asdasda', '2', null, null, '2017-03-09 22:32:11', '2017-03-09 22:32:11', null, null, null), ('41', 'tur asdasdas', 'turalcuneyd@gmail.com', null, null, 'asdasda', '2', null, null, '2017-03-09 22:32:11', '2017-03-09 22:32:11', null, null, null), ('42', 'sfds ds', 'turalcuneyd@gmail.coms', null, null, 'dasda', '2', null, null, '2017-03-09 22:32:35', '2017-03-09 22:32:35', null, null, null), ('43', 'asdad asda', 'turalcuneyd@gmail.com', null, null, 'est', '2', null, null, '2017-03-09 22:32:58', '2017-03-09 22:32:58', null, null, null), ('44', 'cüneud sda', 'dasda@ada.com', null, null, '', '2', null, null, '2017-03-09 22:43:16', '2017-03-09 22:43:16', null, null, null), ('45', 'cüneud sda', 'dasda@ada.com', null, null, 'asdasda', '2', null, null, '2017-03-09 22:43:17', '2017-03-09 22:43:17', null, null, null), ('46', 'cüneud sda', 'dasda@ada.com', null, null, 'asdasda', '2', null, null, '2017-03-09 22:43:18', '2017-03-09 22:43:18', null, null, null), ('47', 'cüneud sda', 'dasda@ada.com', null, null, 'asdasda', '2', null, null, '2017-03-09 22:43:18', '2017-03-09 22:43:18', null, null, null), ('48', 'cüneud sda', 'dasda@ada.com', null, null, 'asdasda', '2', null, null, '2017-03-09 22:43:19', '2017-03-09 22:43:19', null, null, null), ('49', 'cüneud tural', 'turalcuneyd@gmail.coma', null, null, 'sdasdas', '2', null, null, '2017-03-09 22:44:50', '2017-03-09 22:44:50', null, null, null), ('50', 'cüneyd tural', 'turalcuneyd@gmail.com', null, null, 'testttttttt', '2', null, null, '2017-03-09 22:45:12', '2017-03-09 22:45:12', null, null, null);
COMMIT;

-- ----------------------------
--  Table structure for `migrations`
-- ----------------------------
DROP TABLE IF EXISTS `migrations`;
CREATE TABLE `migrations` (
  `id` int(10) unsigned NOT NULL AUTO_INCREMENT,
  `migration` varchar(255) COLLATE utf8_unicode_ci NOT NULL,
  `batch` int(11) NOT NULL,
  PRIMARY KEY (`id`)
) ENGINE=InnoDB AUTO_INCREMENT=50 DEFAULT CHARSET=utf8 COLLATE=utf8_unicode_ci;

-- ----------------------------
--  Records of `migrations`
-- ----------------------------
BEGIN;
INSERT INTO `migrations` VALUES ('1', '2014_07_02_230147_migration_cartalyst_sentinel', '1'), ('2', '2016_08_25_182307_kullanicilara_active_alani_eklendi', '1'), ('3', '2016_08_27_230759_create_actions_table', '1'), ('4', '2016_08_29_061324_create_settings_table', '1'), ('5', '2016_08_29_205713_site_ayarlarina_locale_alani_eklendi', '1'), ('6', '2016_08_30_181448_create_files_table', '1'), ('7', '2016_08_30_214933_actions_tablosuna_icon_alani_eklendi', '1'), ('8', '2016_08_31_190125_users_tablosuna_image_alani_eklendi', '1'), ('9', '2016_09_01_092646_files_tablosuna_source_id_alani_eklendi', '1'), ('10', '2016_09_01_111600_files_tablosuna_source_type_alani_eklendi', '1'), ('11', '2016_09_05_143610_users_tablosuna_list_id_alani_eklendi', '1'), ('12', '2016_09_06_102120_roles_tablosuna_list_id_ve_active_alanlari_eklendi', '1'), ('13', '2016_09_06_114317_files_tablosuna_active_ve_list_id_alanlari_eklendi', '1'), ('14', '2016_09_07_084933_files_relations', '1'), ('15', '2016_09_09_080117_categories_tablosunu_olustur', '1'), ('16', '2016_09_21_134525_categories_tablosuna_link_type_alani_eklendi', '1'), ('17', '2016_09_22_062026_slides_tablosunu_olustur', '1'), ('18', '2016_09_22_103224_slides_tablosuna_url_type_alani_eklendi', '1'), ('19', '2016_09_26_082738_articles_tablosunu_olustur', '1'), ('20', '2016_10_05_101808_slide_tablosuna_class_alani_eklendi', '1'), ('21', '2016_10_06_075155_files_tablosuna_thumb_path_alani_eklendi', '1'), ('22', '2016_10_06_133641_category_langs_tablosu_eklendi', '1'), ('23', '2016_10_06_140439_categories_tablosuna_url_eklendi', '1'), ('24', '2016_10_12_141636_articles_tablosuna_date_alani_eklendi', '1'), ('25', '2016_10_13_190043_articles_tablosuna_url_alani_eklendi', '1'), ('26', '2016_10_13_204756_categories_tablosuna_article_url_alani_eklendi', '1'), ('27', '2016_10_13_214950_category_langs_tablosuna_url_ve_article_url_alanlari_eklendi', '1'), ('28', '2016_10_14_141402_articles_tablosuna_slug_alani_eklendi', '1'), ('29', '2016_10_14_202718_articles_tablosunda_permalink_alani_kaldirildi', '1'), ('30', '2016_10_14_222016_articles_tablosuna_slug_update_alani_eklendi', '1'), ('31', '2016_10_18_063734_subscribers_tablosunu_olustur', '1'), ('32', '2016_10_18_103441_forms_tablosunu_olustur', '1'), ('33', '2016_10_18_211645_article_tablosuna_article_url_alani_eklendi', '1'), ('34', '2016_10_19_191131_settings_tablosuna_mail_alanlari_eklendi', '1'), ('35', '2016_11_04_081821_cities_tablosunu_olustur', '1'), ('36', '2016_11_04_083133_districts_tablosunu_olustur', '1'), ('37', '2016_11_04_215324_form_tablosuna_city_ve_districts_alanlari_eklendi', '1'), ('38', '2016_11_09_080622_stores_tablosunu_olustur', '1'), ('39', '2016_11_09_110400_stores_tablosuna_active_ve_list_id_eklendi', '1'), ('40', '2016_11_17_141912_form_tablosuna_notes_alani_eklendi', '1'), ('41', '2016_11_25_120318_create_failed_jobs_table', '1'), ('42', '2016_12_09_002650_product_tablosu_eklendi', '1'), ('43', '2016_12_12_081607_campaigns_tablosunu_olustur', '1'), ('44', '2016_12_12_082207_campaign_relations_tablosunu_olustur', '1'), ('45', '2016_12_21_213655_shopping_cart_tablosunu_olustur', '1'), ('46', '2016_12_21_213842_products_tablosuna_special_price_alani_eklendi', '1'), ('47', '2016_12_21_215504_campaigns_tablosuna_type_ve_coupon_alanlari_eklendi', '1'), ('48', '2017_03_07_214322_products_tablosunda_alanlar_cikarildi', '2'), ('49', '2017_03_08_230438_stores_tablosuna_locale_eklendi', '3');
COMMIT;

-- ----------------------------
--  Table structure for `persistences`
-- ----------------------------
DROP TABLE IF EXISTS `persistences`;
CREATE TABLE `persistences` (
  `id` int(10) unsigned NOT NULL AUTO_INCREMENT,
  `user_id` int(10) unsigned NOT NULL,
  `code` varchar(255) COLLATE utf8_unicode_ci NOT NULL,
  `created_at` timestamp NULL DEFAULT NULL,
  `updated_at` timestamp NULL DEFAULT NULL,
  PRIMARY KEY (`id`),
  UNIQUE KEY `persistences_code_unique` (`code`),
  KEY `persistences_user_id_index` (`user_id`)
) ENGINE=InnoDB AUTO_INCREMENT=9 DEFAULT CHARSET=utf8 COLLATE=utf8_unicode_ci;

-- ----------------------------
--  Records of `persistences`
-- ----------------------------
BEGIN;
INSERT INTO `persistences` VALUES ('1', '1', 'Zr3VofYCKQ8Vw3GdRkqfePj9TmkJ0GaC', '2017-02-25 21:28:16', '2017-02-25 21:28:16'), ('2', '1', 'es52LforeqgQ2ZaaBSKPPPHtHi32aI0O', '2017-03-07 18:46:39', '2017-03-07 18:46:39'), ('3', '1', '72u2WLnauz40R5jWizaXtB4tyrDCBtpZ', '2017-03-08 19:52:49', '2017-03-08 19:52:49'), ('4', '1', '3G1wncYGGsnmgz4QHv7QToHhL4KXVX3T', '2017-03-09 22:47:17', '2017-03-09 22:47:17'), ('5', '1', 'KoxQdu8j5m203ws1uithe0MeE1F4LYew', '2017-03-13 21:03:49', '2017-03-13 21:03:49'), ('6', '1', '9XqB0gcHhBEDrZWwarnobLS1dXoGvU9F', '2017-03-14 18:45:12', '2017-03-14 18:45:12'), ('7', '1', '2U9C2zaJBnD3Xf8Vs72V5rmdgyCNwpLV', '2017-03-14 22:36:19', '2017-03-14 22:36:19'), ('8', '1', '1XtAzisEbWJ1cWcBAm8NjqJiq4D6POYs', '2017-03-15 19:52:09', '2017-03-15 19:52:09');
COMMIT;

-- ----------------------------
--  Table structure for `products`
-- ----------------------------
DROP TABLE IF EXISTS `products`;
CREATE TABLE `products` (
  `id` int(10) unsigned NOT NULL AUTO_INCREMENT,
  `category_id` int(10) unsigned NOT NULL DEFAULT '0',
  `name` varchar(255) COLLATE utf8_unicode_ci DEFAULT NULL,
  `desc` text COLLATE utf8_unicode_ci,
  `keywords` varchar(255) COLLATE utf8_unicode_ci DEFAULT NULL,
  `content` longtext COLLATE utf8_unicode_ci,
  `brand_id` int(11) DEFAULT '0',
  `list_id` int(10) unsigned NOT NULL DEFAULT '0',
  `active` int(10) unsigned NOT NULL DEFAULT '1',
  `locale` varchar(255) COLLATE utf8_unicode_ci NOT NULL DEFAULT 'tr',
  `created_at` timestamp NULL DEFAULT NULL,
  `updated_at` timestamp NULL DEFAULT NULL,
  PRIMARY KEY (`id`),
  KEY `products_category_id_index` (`category_id`),
  KEY `products_locale_index` (`locale`)
) ENGINE=InnoDB AUTO_INCREMENT=9 DEFAULT CHARSET=utf8 COLLATE=utf8_unicode_ci;

-- ----------------------------
--  Records of `products`
-- ----------------------------
BEGIN;
INSERT INTO `products` VALUES ('1', '60', 'ürün 1', '', '', '<p><strong>Lorem Ipsum</strong>&nbsp;is simply dummy text of the printing and typesetting industry. Lorem Ipsum has been the industry&#39;s standard dummy text ever since the 1500s, when an unknown printer took a galley of type and scrambled it to make a type specimen book. It has survived not only five centuries, but also the leap into electronic typesetting, remaining essentially unchanged. It was popularised in the 1960s with the release of Letraset sheets containing Lorem Ipsum passages, and more recently with desktop publishing software like Aldus PageMaker including versions of Lorem Ipsum.</p>\r\n\r\n<p><strong>Lorem Ipsum</strong>&nbsp;is simply dummy text of the printing and typesetting industry. Lorem Ipsum has been the industry&#39;s standard dummy text ever since the 1500s, when an unknown printer took a galley of type and scrambled it to make a type specimen book. It has survived not only five centuries, but also the leap into electronic typesetting, remaining essentially unchanged. It was popularised in the 1960s with the release of Letraset sheets containing Lorem Ipsum passages, and more recently with desktop publishing software like Aldus PageMaker including versions of Lorem Ipsum.</p>\r\n', '25', '0', '0', 'tr', '2017-03-07 21:46:05', '2017-03-15 21:03:54'), ('2', '60', 'ürün 2', '', '', '<p><strong>Lorem Ipsum</strong>&nbsp;is simply dummy text of the printing and typesetting industry. Lorem Ipsum has been the industry&#39;s standard dummy text ever since the 1500s, when an unknown printer took a galley of type and scrambled it to make a type specimen book. It has survived not only five centuries, but also the leap into electronic typesetting, remaining essentially unchanged. It was popularised in the 1960s with the release of Letraset sheets containing Lorem Ipsum passages, and more recently with desktop publishing software like Aldus PageMaker including versions of Lorem Ipsum.</p>\r\n\r\n<p><strong>Lorem Ipsum</strong>&nbsp;is simply dummy text of the printing and typesetting industry. Lorem Ipsum has been the industry&#39;s standard dummy text ever since the 1500s, when an unknown printer took a galley of type and scrambled it to make a type specimen book. It has survived not only five centuries, but also the leap into electronic typesetting, remaining essentially unchanged. It was popularised in the 1960s with the release of Letraset sheets containing Lorem Ipsum passages, and more recently with desktop publishing software like Aldus PageMaker including versions of Lorem Ipsum.</p>\r\n', '25', '0', '0', 'tr', '2017-03-07 21:46:14', '2017-03-15 21:03:51'), ('3', '60', 'ürün 3', '', '', '<p><strong>Lorem Ipsum</strong>&nbsp;is simply dummy text of the printing and typesetting industry. Lorem Ipsum has been the industry&#39;s standard dummy text ever since the 1500s, when an unknown printer took a galley of type and scrambled it to make a type specimen book. It has survived not only five centuries, but also the leap into electronic typesetting, remaining essentially unchanged. It was popularised in the 1960s with the release of Letraset sheets containing Lorem Ipsum passages, and more recently with desktop publishing software like Aldus PageMaker including versions of Lorem Ipsum.</p>\r\n\r\n<p><strong>Lorem Ipsum</strong>&nbsp;is simply dummy text of the printing and typesetting industry. Lorem Ipsum has been the industry&#39;s standard dummy text ever since the 1500s, when an unknown printer took a galley of type and scrambled it to make a type specimen book. It has survived not only five centuries, but also the leap into electronic typesetting, remaining essentially unchanged. It was popularised in the 1960s with the release of Letraset sheets containing Lorem Ipsum passages, and more recently with desktop publishing software like Aldus PageMaker including versions of Lorem Ipsum.</p>\r\n', '25', '0', '0', 'tr', '2017-03-07 21:46:21', '2017-03-15 21:03:47'), ('4', '60', 'ürün 4', '', '', '<p><strong>Lorem Ipsum</strong>&nbsp;is simply dummy text of the printing and typesetting industry. Lorem Ipsum has been the industry&#39;s standard dummy text ever since the 1500s, when an unknown printer took a galley of type and scrambled it to make a type specimen book. It has survived not only five centuries, but also the leap into electronic typesetting, remaining essentially unchanged. It was popularised in the 1960s with the release of Letraset sheets containing Lorem Ipsum passages, and more recently with desktop publishing software like Aldus PageMaker including versions of Lorem Ipsum.</p>\r\n\r\n<p><strong>Lorem Ipsum</strong>&nbsp;is simply dummy text of the printing and typesetting industry. Lorem Ipsum has been the industry&#39;s standard dummy text ever since the 1500s, when an unknown printer took a galley of type and scrambled it to make a type specimen book. It has survived not only five centuries, but also the leap into electronic typesetting, remaining essentially unchanged. It was popularised in the 1960s with the release of Letraset sheets containing Lorem Ipsum passages, and more recently with desktop publishing software like Aldus PageMaker including versions of Lorem Ipsum.</p>\r\n', '25', '0', '0', 'tr', '2017-03-07 21:46:28', '2017-03-15 21:03:43'), ('5', '60', 'ürün 5', '', '', '<p><strong>Lorem Ipsum</strong>&nbsp;is simply dummy text of the printing and typesetting industry. Lorem Ipsum has been the industry&#39;s standard dummy text ever since the 1500s, when an unknown printer took a galley of type and scrambled it to make a type specimen book. It has survived not only five centuries, but also the leap into electronic typesetting, remaining essentially unchanged. It was popularised in the 1960s with the release of Letraset sheets containing Lorem Ipsum passages, and more recently with desktop publishing software like Aldus PageMaker including versions of Lorem Ipsum.</p>\r\n\r\n<p><strong>Lorem Ipsum</strong>&nbsp;is simply dummy text of the printing and typesetting industry. Lorem Ipsum has been the industry&#39;s standard dummy text ever since the 1500s, when an unknown printer took a galley of type and scrambled it to make a type specimen book. It has survived not only five centuries, but also the leap into electronic typesetting, remaining essentially unchanged. It was popularised in the 1960s with the release of Letraset sheets containing Lorem Ipsum passages, and more recently with desktop publishing software like Aldus PageMaker including versions of Lorem Ipsum.</p>\r\n', '25', '0', '0', 'tr', '2017-03-07 21:53:57', '2017-03-15 21:03:39'), ('6', '60', 'ürün 6', '', '', '<p><strong>Lorem Ipsum</strong>&nbsp;is simply dummy text of the printing and typesetting industry. Lorem Ipsum has been the industry&#39;s standard dummy text ever since the 1500s, when an unknown printer took a galley of type and scrambled it to make a type specimen book. It has survived not only five centuries, but also the leap into electronic typesetting, remaining essentially unchanged. It was popularised in the 1960s with the release of Letraset sheets containing Lorem Ipsum passages, and more recently with desktop publishing software like Aldus PageMaker including versions of Lorem Ipsum.</p>\r\n\r\n<p><strong>Lorem Ipsum</strong>&nbsp;is simply dummy text of the printing and typesetting industry. Lorem Ipsum has been the industry&#39;s standard dummy text ever since the 1500s, when an unknown printer took a galley of type and scrambled it to make a type specimen book. It has survived not only five centuries, but also the leap into electronic typesetting, remaining essentially unchanged. It was popularised in the 1960s with the release of Letraset sheets containing Lorem Ipsum passages, and more recently with desktop publishing software like Aldus PageMaker including versions of Lorem Ipsum.</p>\r\n', '25', '0', '0', 'tr', '2017-03-07 21:54:13', '2017-03-15 21:07:12'), ('8', '60', 'Product 1', '', '', '', '25', '0', '1', 'en', '2017-03-15 21:05:21', '2017-03-15 21:05:25');
COMMIT;

-- ----------------------------
--  Table structure for `reminders`
-- ----------------------------
DROP TABLE IF EXISTS `reminders`;
CREATE TABLE `reminders` (
  `id` int(10) unsigned NOT NULL AUTO_INCREMENT,
  `user_id` int(10) unsigned NOT NULL,
  `code` varchar(255) COLLATE utf8_unicode_ci NOT NULL,
  `completed` tinyint(1) NOT NULL DEFAULT '0',
  `completed_at` timestamp NULL DEFAULT NULL,
  `created_at` timestamp NULL DEFAULT NULL,
  `updated_at` timestamp NULL DEFAULT NULL,
  PRIMARY KEY (`id`)
) ENGINE=InnoDB DEFAULT CHARSET=utf8 COLLATE=utf8_unicode_ci;

-- ----------------------------
--  Table structure for `role_users`
-- ----------------------------
DROP TABLE IF EXISTS `role_users`;
CREATE TABLE `role_users` (
  `user_id` int(10) unsigned NOT NULL,
  `role_id` int(10) unsigned NOT NULL,
  `created_at` timestamp NULL DEFAULT NULL,
  `updated_at` timestamp NULL DEFAULT NULL,
  PRIMARY KEY (`user_id`,`role_id`)
) ENGINE=InnoDB DEFAULT CHARSET=utf8 COLLATE=utf8_unicode_ci;

-- ----------------------------
--  Table structure for `roles`
-- ----------------------------
DROP TABLE IF EXISTS `roles`;
CREATE TABLE `roles` (
  `id` int(10) unsigned NOT NULL AUTO_INCREMENT,
  `slug` varchar(255) COLLATE utf8_unicode_ci NOT NULL,
  `name` varchar(255) COLLATE utf8_unicode_ci NOT NULL,
  `permissions` text COLLATE utf8_unicode_ci,
  `created_at` timestamp NULL DEFAULT NULL,
  `updated_at` timestamp NULL DEFAULT NULL,
  `list_id` int(11) DEFAULT NULL,
  `active` int(11) NOT NULL DEFAULT '1',
  PRIMARY KEY (`id`),
  UNIQUE KEY `roles_slug_unique` (`slug`),
  KEY `roles_slug_index` (`slug`),
  KEY `roles_list_id_index` (`list_id`)
) ENGINE=InnoDB AUTO_INCREMENT=2 DEFAULT CHARSET=utf8 COLLATE=utf8_unicode_ci;

-- ----------------------------
--  Records of `roles`
-- ----------------------------
BEGIN;
INSERT INTO `roles` VALUES ('1', 'admin', 'Admin', '{\"superuser\":true,\"sistem.*\":true,\"kullanici.*\":true,\"rapor.*\":true,\"admin.users.index\":true,\n                \"admin.users.create\":true,\"admin.users.edit\":true,\"admin.roles.index\":true,\"admin.roles.create\":true,\n                \"admin.roles.edit\":true,\"admin.articles.create\":true}', '2017-02-25 20:31:30', '2017-02-25 20:31:30', null, '1');
COMMIT;

-- ----------------------------
--  Table structure for `settings`
-- ----------------------------
DROP TABLE IF EXISTS `settings`;
CREATE TABLE `settings` (
  `id` int(10) unsigned NOT NULL AUTO_INCREMENT,
  `site_name` varchar(200) COLLATE utf8_unicode_ci DEFAULT NULL,
  `title` varchar(200) COLLATE utf8_unicode_ci DEFAULT NULL,
  `url` varchar(200) COLLATE utf8_unicode_ci DEFAULT NULL,
  `logo` varchar(255) COLLATE utf8_unicode_ci DEFAULT NULL,
  `keywords` text COLLATE utf8_unicode_ci,
  `desc` text COLLATE utf8_unicode_ci,
  `code_google` text COLLATE utf8_unicode_ci,
  `code_yandex` text COLLATE utf8_unicode_ci,
  `facebook_url` varchar(100) COLLATE utf8_unicode_ci NOT NULL DEFAULT 'http://www.facebook.com/',
  `twitter_url` varchar(100) COLLATE utf8_unicode_ci NOT NULL DEFAULT 'http://www.twitter.com/',
  `googleplus_url` varchar(100) COLLATE utf8_unicode_ci DEFAULT NULL,
  `youtube_url` varchar(100) COLLATE utf8_unicode_ci DEFAULT NULL,
  `linkedin_url` varchar(100) COLLATE utf8_unicode_ci DEFAULT NULL,
  `instagram_url` varchar(100) COLLATE utf8_unicode_ci DEFAULT NULL,
  `swarm_url` varchar(100) COLLATE utf8_unicode_ci DEFAULT NULL,
  `pinterest_url` varchar(100) COLLATE utf8_unicode_ci DEFAULT NULL,
  `foursquare_url` varchar(100) COLLATE utf8_unicode_ci DEFAULT NULL,
  `mail_address` varchar(100) COLLATE utf8_unicode_ci DEFAULT NULL,
  `mail_host` varchar(100) COLLATE utf8_unicode_ci DEFAULT NULL,
  `mail_user` varchar(100) COLLATE utf8_unicode_ci DEFAULT NULL,
  `mail_password` varchar(100) COLLATE utf8_unicode_ci DEFAULT NULL,
  `slide_w` int(11) NOT NULL DEFAULT '800',
  `slide_h` int(11) NOT NULL DEFAULT '400',
  `thumb_w` int(11) NOT NULL DEFAULT '170',
  `thumb_h` int(11) NOT NULL DEFAULT '130',
  `blog_w` int(11) NOT NULL DEFAULT '350',
  `blog_h` int(11) NOT NULL DEFAULT '270',
  `created_at` timestamp NULL DEFAULT NULL,
  `updated_at` timestamp NULL DEFAULT NULL,
  `locale` varchar(255) COLLATE utf8_unicode_ci NOT NULL DEFAULT 'tr',
  `mail_driver` varchar(255) COLLATE utf8_unicode_ci DEFAULT 'smtp',
  `mail_to` varchar(255) COLLATE utf8_unicode_ci DEFAULT NULL,
  `mail_port` varchar(255) COLLATE utf8_unicode_ci DEFAULT '587',
  PRIMARY KEY (`id`),
  KEY `settings_locale_index` (`locale`)
) ENGINE=InnoDB AUTO_INCREMENT=5 DEFAULT CHARSET=utf8 COLLATE=utf8_unicode_ci;

-- ----------------------------
--  Records of `settings`
-- ----------------------------
BEGIN;
INSERT INTO `settings` VALUES ('1', 'Site Adı (TR)', 'Site Başlığı', 'http//www.example.com', null, 'key1, key2, key3, key4, key5', 'Site Açıklaması', null, null, 'http://www.facebook.com/', 'http://www.twitter.com/', null, null, null, null, null, null, null, null, null, null, null, '800', '400', '170', '130', '350', '270', '2017-02-25 20:31:30', '2017-02-25 20:31:30', 'tr', 'smtp', null, '587'), ('2', 'Site Adı (EN)', 'Site Başlığı', 'http//www.example.com', null, 'key1, key2, key3, key4, key5', 'Site Açıklaması', null, null, 'http://www.facebook.com/', 'http://www.twitter.com/', null, null, null, null, null, null, null, null, null, null, null, '800', '400', '170', '130', '350', '270', '2017-02-25 20:31:30', '2017-02-25 20:31:30', 'en', 'smtp', null, '587'), ('4', 'Site Adı (AR)', null, null, null, null, null, null, null, 'http://www.facebook.com/', 'http://www.twitter.com/', null, null, null, null, null, null, null, null, null, null, null, '800', '400', '170', '130', '350', '270', null, null, 'ar', 'smtp', null, '587');
COMMIT;

-- ----------------------------
--  Table structure for `shopping_cart`
-- ----------------------------
DROP TABLE IF EXISTS `shopping_cart`;
CREATE TABLE `shopping_cart` (
  `id` int(10) unsigned NOT NULL AUTO_INCREMENT,
  `cart_id` varchar(255) COLLATE utf8_unicode_ci NOT NULL,
  `product_id` int(10) unsigned DEFAULT NULL,
  `quantity` int(10) unsigned DEFAULT NULL,
  `is_available` int(11) DEFAULT '1',
  `customer_id` int(11) DEFAULT NULL,
  `discount` int(11) DEFAULT NULL,
  `vat_included` int(11) DEFAULT NULL,
  `price` decimal(5,2) NOT NULL,
  `discounted_price` decimal(5,2) NOT NULL,
  `total_price` decimal(5,2) NOT NULL,
  `total_discounted_price` decimal(5,2) NOT NULL,
  `created_at` timestamp NULL DEFAULT NULL,
  `updated_at` timestamp NULL DEFAULT NULL,
  PRIMARY KEY (`id`),
  KEY `shopping_cart_cart_id_index` (`cart_id`),
  KEY `shopping_cart_product_id_index` (`product_id`)
) ENGINE=InnoDB DEFAULT CHARSET=utf8 COLLATE=utf8_unicode_ci;

-- ----------------------------
--  Table structure for `slides`
-- ----------------------------
DROP TABLE IF EXISTS `slides`;
CREATE TABLE `slides` (
  `id` int(10) unsigned NOT NULL AUTO_INCREMENT,
  `photo` varchar(255) COLLATE utf8_unicode_ci NOT NULL,
  `title` varchar(255) COLLATE utf8_unicode_ci NOT NULL,
  `desc` varchar(255) COLLATE utf8_unicode_ci NOT NULL,
  `url` varchar(255) COLLATE utf8_unicode_ci NOT NULL,
  `list_id` int(11) DEFAULT NULL,
  `active` int(11) DEFAULT NULL,
  `locale` varchar(255) COLLATE utf8_unicode_ci NOT NULL DEFAULT 'tr',
  `created_at` timestamp NULL DEFAULT NULL,
  `updated_at` timestamp NULL DEFAULT NULL,
  `url_type` int(11) DEFAULT NULL,
  `style_class` varchar(255) COLLATE utf8_unicode_ci DEFAULT NULL,
  PRIMARY KEY (`id`),
  KEY `slides_photo_index` (`photo`),
  KEY `slides_title_index` (`title`),
  KEY `slides_locale_index` (`locale`),
  KEY `slides_url_type_index` (`url_type`)
) ENGINE=InnoDB AUTO_INCREMENT=6 DEFAULT CHARSET=utf8 COLLATE=utf8_unicode_ci;

-- ----------------------------
--  Records of `slides`
-- ----------------------------
BEGIN;
INSERT INTO `slides` VALUES ('1', 'baslik-58b1fa2e3bffc.jpeg', 'Danış Group, Dünya\'nın her yerinde!', 'Lorem Ipsum is simply dummy...', '', '2', '1', 'tr', '2017-02-25 21:32:06', '2017-02-25 22:06:29', '1', ''), ('2', '1-58b1fc6aec7a9.jpeg', 'Slide başlık', 'Slide açıklama', '', '1', '1', 'tr', '2017-02-25 21:51:38', '2017-02-25 22:06:29', null, ''), ('3', 'slide-4-58b1ffda96637.jpeg', 'slide 4', 'slide 4', '', '0', '1', 'tr', '2017-02-25 22:06:18', '2017-02-25 22:06:29', null, null), ('4', 'slide-1-58c872967a6db.jpeg', 'Slide 1', '', '', '0', '1', 'en', '2017-03-14 22:45:42', '2017-03-14 22:46:16', null, null), ('5', 'slide-ar-58c872a15ce58.jpeg', '\'تحتاج الخدمات اللوجستية مخصص؟ لقد حصلت على تغطيتها. من برا،\',', '', '', '0', '1', 'ar', '2017-03-14 22:45:53', '2017-03-14 23:22:34', null, '');
COMMIT;

-- ----------------------------
--  Table structure for `stores`
-- ----------------------------
DROP TABLE IF EXISTS `stores`;
CREATE TABLE `stores` (
  `id` int(10) unsigned NOT NULL AUTO_INCREMENT,
  `category` int(10) unsigned NOT NULL,
  `name` varchar(255) COLLATE utf8_unicode_ci DEFAULT NULL,
  `address` varchar(255) COLLATE utf8_unicode_ci DEFAULT NULL,
  `address2` varchar(255) COLLATE utf8_unicode_ci DEFAULT NULL,
  `city` varchar(255) COLLATE utf8_unicode_ci DEFAULT NULL,
  `district` varchar(255) COLLATE utf8_unicode_ci DEFAULT NULL,
  `zip` varchar(255) COLLATE utf8_unicode_ci DEFAULT NULL,
  `country` varchar(255) COLLATE utf8_unicode_ci DEFAULT NULL,
  `lat` varchar(255) COLLATE utf8_unicode_ci DEFAULT NULL,
  `lng` varchar(255) COLLATE utf8_unicode_ci DEFAULT NULL,
  `phone` varchar(255) COLLATE utf8_unicode_ci DEFAULT NULL,
  `email` varchar(255) COLLATE utf8_unicode_ci DEFAULT NULL,
  `created_at` timestamp NULL DEFAULT NULL,
  `updated_at` timestamp NULL DEFAULT NULL,
  `list_id` int(11) DEFAULT NULL,
  `active` int(11) NOT NULL DEFAULT '1',
  `locale` varchar(255) COLLATE utf8_unicode_ci NOT NULL DEFAULT 'tr',
  PRIMARY KEY (`id`),
  KEY `stores_category_index` (`category`),
  KEY `stores_list_id_index` (`list_id`),
  KEY `stores_locale_index` (`locale`)
) ENGINE=InnoDB AUTO_INCREMENT=7 DEFAULT CHARSET=utf8 COLLATE=utf8_unicode_ci;

-- ----------------------------
--  Records of `stores`
-- ----------------------------
BEGIN;
INSERT INTO `stores` VALUES ('1', '3', 'Genel Merkez', 'Ordu Cad.Sanlı İş Merkezi No:295 / 504 Laleli', null, '34', '435', null, null, '4100958', '28.959746', '+90(212) 638 18 18', 'info@danisgroup.com', '2017-03-08 23:02:57', '2017-03-14 18:50:27', null, '1', 'tr'), ('2', '1', 'Şube', 'Ordu Cad.Sanlı İş Merkezi No:295 / 504 Laleli', null, '6', '61', null, null, '', '', '+90(212) 888 44 56', 'sube@danisgroup.com', '2017-03-14 18:51:23', '2017-03-14 18:53:08', null, '1', 'tr'), ('3', '1', 'd', 'dffsdf', null, '5', '53', null, null, 'sdf', '', '+90(000) 000 00 00', 'test@test.com', '2017-03-14 19:20:48', '2017-03-14 19:20:48', null, '0', 'tr'), ('4', '1', 'test', 'test', null, '2', '18', null, null, '', '', '', '', '2017-03-14 22:40:43', '2017-03-14 22:40:43', null, '0', 'tr'), ('5', '3', 'Genel Merkez', 'Ordu Cad.Sanlı İş Merkezi No:295 / 504 Laleli İstanbul / Eminönü', null, '6', '61', null, null, '', '', '', 'test@test.com', '2017-03-14 22:41:05', '2017-03-14 22:41:54', null, '0', 'ar'), ('6', '3', 'Genel Merkez', 'Ordu Cad.Sanlı İş Merkezi No:295 / 504 Laleli İstanbul / Eminönü', null, '4', '46', null, null, '', '', '', 'test@test.com', '2017-03-14 22:42:34', '2017-03-14 22:42:39', null, '1', 'en');
COMMIT;

-- ----------------------------
--  Table structure for `subscribers`
-- ----------------------------
DROP TABLE IF EXISTS `subscribers`;
CREATE TABLE `subscribers` (
  `id` int(10) unsigned NOT NULL AUTO_INCREMENT,
  `name` varchar(255) COLLATE utf8_unicode_ci NOT NULL,
  `email` varchar(255) COLLATE utf8_unicode_ci NOT NULL,
  `list_id` int(11) DEFAULT NULL,
  `active` int(11) DEFAULT NULL,
  `created_at` timestamp NULL DEFAULT NULL,
  `updated_at` timestamp NULL DEFAULT NULL,
  PRIMARY KEY (`id`)
) ENGINE=InnoDB AUTO_INCREMENT=3 DEFAULT CHARSET=utf8 COLLATE=utf8_unicode_ci;

-- ----------------------------
--  Records of `subscribers`
-- ----------------------------
BEGIN;
INSERT INTO `subscribers` VALUES ('1', 'Bilinmiyor', 'alivelideli@gmail.com', null, null, '2017-03-09 23:00:53', '2017-03-09 23:00:53'), ('2', 'Bilinmiyor', 'aliveli@gmail.com', null, null, '2017-03-09 23:06:44', '2017-03-09 23:06:44');
COMMIT;

-- ----------------------------
--  Table structure for `throttle`
-- ----------------------------
DROP TABLE IF EXISTS `throttle`;
CREATE TABLE `throttle` (
  `id` int(10) unsigned NOT NULL AUTO_INCREMENT,
  `user_id` int(10) unsigned DEFAULT NULL,
  `type` varchar(255) COLLATE utf8_unicode_ci NOT NULL,
  `ip` varchar(255) COLLATE utf8_unicode_ci DEFAULT NULL,
  `created_at` timestamp NULL DEFAULT NULL,
  `updated_at` timestamp NULL DEFAULT NULL,
  PRIMARY KEY (`id`),
  KEY `throttle_user_id_index` (`user_id`)
) ENGINE=InnoDB DEFAULT CHARSET=utf8 COLLATE=utf8_unicode_ci;

-- ----------------------------
--  Table structure for `users`
-- ----------------------------
DROP TABLE IF EXISTS `users`;
CREATE TABLE `users` (
  `id` int(10) unsigned NOT NULL AUTO_INCREMENT,
  `email` varchar(255) COLLATE utf8_unicode_ci NOT NULL,
  `password` varchar(255) COLLATE utf8_unicode_ci NOT NULL,
  `permissions` text COLLATE utf8_unicode_ci,
  `last_login` timestamp NULL DEFAULT NULL,
  `first_name` varchar(255) COLLATE utf8_unicode_ci DEFAULT NULL,
  `last_name` varchar(255) COLLATE utf8_unicode_ci DEFAULT NULL,
  `created_at` timestamp NULL DEFAULT NULL,
  `updated_at` timestamp NULL DEFAULT NULL,
  `active` int(10) unsigned NOT NULL DEFAULT '1',
  `image` varchar(255) COLLATE utf8_unicode_ci NOT NULL,
  `list_id` int(11) DEFAULT NULL,
  PRIMARY KEY (`id`),
  UNIQUE KEY `users_email_unique` (`email`),
  KEY `users_active_index` (`active`),
  KEY `users_image_index` (`image`),
  KEY `users_list_id_index` (`list_id`)
) ENGINE=InnoDB AUTO_INCREMENT=2 DEFAULT CHARSET=utf8 COLLATE=utf8_unicode_ci;

-- ----------------------------
--  Records of `users`
-- ----------------------------
BEGIN;
INSERT INTO `users` VALUES ('1', 'demo@demo.com', '$2y$10$eVXNP.bVSILbJ6catdP/junZ2tcfjnY0p01FDiIs.HWMJTXZRbdfi', '{\"superuser\":true}', '2017-03-15 19:52:09', 'Demo', 'Kullanıcı', '2017-02-25 20:31:30', '2017-03-15 19:52:09', '1', 'demo-kullanici-09121611.jpg', '0');
COMMIT;

SET FOREIGN_KEY_CHECKS = 1;
